date,supplier_id,supplier_name,supplier_country,supplier_reliability,product_id,product_name,category,demand_units,inventory_units,supplier_capacity_units,planned_lead_time_days,actual_lead_time_days,delay_occurred,delay_days,unit_cost_usd,transport_cost_usd,secondary_supplier_premium_pct,inventory_demand_ratio,estimated_primary_cost_usd,estimated_secondary_cost_usd,air_freight_cost_usd,service_risk,demand_outlier_flag,inventory_outlier_flag,cost_outlier_flag,lead_time_outlier_flag,inventory_coverage_ratio,inventory_gap_units,shortage_flag,capacity_utilization,demand_pressure,supplier_risk_score,cost_per_demand_unit,secondary_cost_difference,air_freight_premium,lead_time_variance_days,lead_time_risk,previous_delay_days,previous_delay_flag,rolling_average_delay,rolling_average_demand,rolling_average_inventory
2025-01-01,SUP002,Beta Electronics,Vietnam,0.92,P001,Microchips,Electronics,1414,1014,1435,13,13,0,0,28.29,3429.0,0.058,0.717,43431.06,45850.62,15518.63,Medium,0,0,0,0,0.7171,400,1,0.9854,0.9854,0.08,30.72,2419.56,12089.63,0,Low,0,0,0.0,1414.0,1014.0
2025-01-01,SUP006,Zeta Industrial,South Korea,0.97,P002,Processors,Electronics,935,1945,2315,7,7,0,0,69.34,1810.53,0.142,2.08,66643.43,75978.25,5209.83,Low,0,0,0,0,2.0802,-1010,0,0.4039,0.4039,0.03,71.28,9334.82,3399.3,0,Low,0,0,0.0,935.0,1945.0
2025-01-01,SUP001,Alpha Components,India,0.96,P003,Memory Modules,Electronics,989,1651,2186,5,5,0,0,14.6,3233.95,0.076,1.669,17673.35,18893.63,8722.68,Low,0,0,0,0,1.6694,-662,0,0.4524,0.4524,0.04,17.87,1220.28,5488.73,0,Low,0,0,0.0,989.0,1651.0
2025-01-01,SUP008,Theta Components,Singapore,0.93,P004,Display Panels,Electronics,715,1096,1113,6,6,0,0,42.23,3574.69,0.141,1.533,33769.14,38278.57,14483.57,Low,0,0,0,0,1.5329,-381,0,0.6424,0.6424,0.07,47.23,4509.43,10908.88,0,Low,0,0,0.0,715.0,1096.0
2025-01-01,SUP003,Gamma Semiconductors,Taiwan,0.89,P005,Battery Cells,Energy,480,742,2585,15,15,0,0,88.61,640.91,0.176,1.546,43173.71,50715.88,2609.95,Medium,0,0,0,0,1.5458,-262,0,0.1857,0.1857,0.11,89.95,7542.17,1969.04,0,Low,0,0,0.0,480.0,742.0
2025-01-01,SUP005,Epsilon Tech,Malaysia,0.91,P006,Sensors,Electronics,969,839,1815,12,12,0,0,127.92,3862.94,0.131,0.866,127817.42,144308.48,14765.09,Medium,0,0,0,0,0.8658,130,1,0.5339,0.5339,0.09,131.91,16491.06,10902.15,0,Low,0,0,0.0,969.0,839.0
2025-01-01,SUP004,Delta Manufacturing,China,0.94,P007,Power Modules,Electronics,687,540,1579,6,17,1,11,117.66,1394.22,0.051,0.786,82226.64,86384.65,6653.65,High,0,0,0,0,0.786,147,1,0.4351,0.4351,0.06,119.69,4158.01,5259.43,11,High,0,0,0.0,687.0,540.0
2025-01-01,SUP007,Eta Systems,India,0.95,P008,Circuit Boards,Electronics,1218,3192,1488,3,3,0,0,130.56,3304.84,0.1,2.621,162326.92,178394.37,8239.0,Low,0,0,0,0,2.6207,-1974,0,0.8185,0.8185,0.05,133.27,16067.45,4934.16,0,Low,0,0,0.0,1218.0,3192.0
2025-01-08,SUP006,Zeta Industrial,South Korea,0.97,P001,Microchips,Electronics,1346,1321,2206,8,8,0,0,87.7,3969.35,0.124,0.981,122013.55,136897.13,14333.82,Medium,0,0,0,0,0.9814,25,1,0.6102,0.6102,0.03,90.65,14883.58,10364.47,0,Low,0,0,0.0,1346.0,1321.0
2025-01-08,SUP001,Alpha Components,India,0.96,P002,Processors,Electronics,1103,366,2391,2,2,0,0,80.22,4584.05,0.087,0.332,93066.71,100964.11,15119.27,High,0,0,0,0,0.3318,737,1,0.4613,0.4613,0.04,84.38,7897.4,10535.22,0,Low,0,0,0.0,1103.0,366.0
2025-01-08,SUP002,Beta Electronics,Vietnam,0.92,P003,Memory Modules,Electronics,835,357,1724,11,11,0,0,96.66,1830.35,0.066,0.428,82541.45,87928.78,6408.71,High,0,0,0,0,0.4275,478,1,0.4843,0.4843,0.08,98.85,5387.33,4578.36,0,Low,0,0,0.0,835.0,357.0
2025-01-08,SUP007,Eta Systems,India,0.95,P004,Display Panels,Electronics,739,543,2554,2,2,0,0,23.63,1525.71,0.114,0.735,18988.28,21065.98,7434.73,Medium,0,0,0,0,0.7348,196,1,0.2894,0.2894,0.05,25.69,2077.7,5909.02,0,Low,0,0,0.0,739.0,543.0
2025-01-08,SUP004,Delta Manufacturing,China,0.94,P005,Battery Cells,Energy,758,1312,1909,10,10,0,0,46.26,1598.56,0.075,1.731,36663.64,39353.47,5109.27,Low,0,0,0,0,1.7309,-554,0,0.3971,0.3971,0.06,48.37,2689.83,3510.71,0,Low,0,0,0.0,758.0,1312.0
2025-01-08,SUP003,Gamma Semiconductors,Taiwan,0.89,P006,Sensors,Electronics,812,627,2520,16,16,0,0,50.72,1781.78,0.056,0.772,42966.42,45322.65,7238.13,Medium,0,0,0,0,0.7722,185,1,0.3222,0.3222,0.11,52.91,2356.23,5456.35,0,Low,0,0,0.0,812.0,627.0
2025-01-08,SUP005,Epsilon Tech,Malaysia,0.91,P007,Power Modules,Electronics,553,533,1854,6,6,0,0,83.39,2515.02,0.133,0.964,48629.69,54930.19,8724.65,Medium,0,0,0,0,0.9638,20,1,0.2983,0.2983,0.09,87.94,6300.5,6209.63,0,Low,0,0,0.0,553.0,533.0
2025-01-08,SUP008,Theta Components,Singapore,0.93,P008,Circuit Boards,Electronics,922,1515,1500,5,5,0,0,64.63,4173.94,0.17,1.643,63762.8,74247.69,10647.74,Low,0,0,0,0,1.6432,-593,0,0.6147,0.6147,0.07,69.16,10484.89,6473.8,0,Low,0,0,0.0,922.0,1515.0
2025-01-15,SUP001,Alpha Components,India,0.96,P001,Microchips,Electronics,1202,1678,1845,5,5,0,0,64.46,2829.88,0.176,1.396,80310.8,94196.47,12210.47,Low,0,0,0,0,1.396,-476,0,0.6515,0.6515,0.04,66.81,13885.67,9380.59,0,Low,0,0,0.0,1202.0,1678.0
2025-01-15,SUP002,Beta Electronics,Vietnam,0.92,P002,Processors,Electronics,700,1701,1462,14,14,0,0,45.04,4983.14,0.195,2.43,36511.14,43144.96,17273.35,Medium,0,0,1,0,2.43,-1001,0,0.4788,0.4788,0.08,52.16,6633.82,12290.21,0,Low,0,0,0.0,700.0,1701.0
2025-01-15,SUP006,Zeta Industrial,South Korea,0.97,P003,Memory Modules,Electronics,808,736,2356,8,8,0,0,65.44,4494.97,0.178,0.911,57370.49,67182.38,19944.34,Medium,0,0,0,0,0.9109,72,1,0.343,0.343,0.03,71.0,9811.89,15449.37,0,Low,0,0,0.0,808.0,736.0
2025-01-15,SUP007,Eta Systems,India,0.95,P004,Display Panels,Electronics,503,180,1453,4,4,0,0,48.32,1874.14,0.123,0.358,26179.1,29283.87,6643.75,High,0,1,0,0,0.3579,323,1,0.3462,0.3462,0.05,52.05,3104.77,4769.61,0,Low,0,0,0.0,739.0,543.0
2025-01-15,SUP004,Delta Manufacturing,China,0.94,P005,Battery Cells,Energy,560,735,2000,13,13,0,0,128.59,3459.26,0.135,1.312,75469.66,85424.56,7873.26,Low,0,0,0,0,1.3125,-175,0,0.28,0.28,0.06,134.77,9954.9,4414.0,0,Low,0,0,0.0,758.0,1312.0
2025-01-15,SUP003,Gamma Semiconductors,Taiwan,0.89,P006,Sensors,Electronics,1074,1055,2045,14,14,0,0,136.67,2454.77,0.103,0.982,149238.35,164483.48,10370.82,Medium,0,0,0,0,0.9823,19,1,0.5252,0.5252,0.11,138.96,15245.13,7916.05,0,Low,0,0,0.0,812.0,627.0
2025-01-15,SUP005,Epsilon Tech,Malaysia,0.91,P007,Power Modules,Electronics,980,828,1452,7,10,1,3,14.19,4975.48,0.12,0.845,18881.68,20848.95,14572.87,High,0,0,1,0,0.8449,152,1,0.6749,0.6749,0.09,19.27,1967.27,9597.39,3,Medium,0,0,0.0,553.0,533.0
2025-01-15,SUP008,Theta Components,Singapore,0.93,P008,Circuit Boards,Electronics,1079,1058,2472,4,4,0,0,18.7,1875.64,0.079,0.981,22052.94,23721.03,6449.13,Medium,0,0,0,0,0.9805,21,1,0.4365,0.4365,0.07,20.44,1668.09,4573.49,0,Low,0,0,0.0,922.0,1515.0
2025-01-22,SUP007,Eta Systems,India,0.95,P001,Microchips,Electronics,1425,1103,2178,3,3,0,0,113.19,3636.57,0.155,0.774,164932.32,190215.0,11735.93,Medium,0,0,0,0,0.774,322,1,0.6543,0.6543,0.05,115.74,25282.68,8099.36,0,Low,0,0,0.0,1425.0,1103.0
2025-01-22,SUP004,Delta Manufacturing,China,0.94,P002,Processors,Electronics,1087,1242,2120,12,12,0,0,121.36,3424.84,0.155,1.143,135343.16,156055.92,15243.98,Low,0,0,0,0,1.1426,-155,0,0.5127,0.5127,0.06,124.51,20712.76,11819.14,0,Low,0,0,0.0,1087.0,1242.0
2025-01-22,SUP005,Epsilon Tech,Malaysia,0.91,P003,Memory Modules,Electronics,1270,924,2336,10,10,0,0,54.6,1197.69,0.197,0.728,70539.69,84318.04,7476.39,Medium,0,0,0,0,0.7276,346,1,0.5437,0.5437,0.09,55.54,13778.35,6278.7,0,Low,0,0,0.0,1270.0,924.0
2025-01-22,SUP003,Gamma Semiconductors,Taiwan,0.89,P004,Display Panels,Electronics,704,1148,1681,13,13,0,0,125.56,1721.94,0.195,1.631,90116.18,107520.95,6582.39,Medium,0,0,0,0,1.6307,-444,0,0.4188,0.4188,0.11,128.01,17404.77,4860.45,0,Low,0,0,0.0,704.0,1148.0
2025-01-22,SUP006,Zeta Industrial,South Korea,0.97,P005,Battery Cells,Energy,749,930,1146,13,13,0,0,81.31,1953.3,0.169,1.242,62854.49,73311.84,6027.76,Low,0,0,0,0,1.2417,-181,0,0.6536,0.6536,0.03,83.92,10457.35,4074.46,0,Low,0,0,0.0,749.0,930.0
2025-01-22,SUP008,Theta Components,Singapore,0.93,P006,Sensors,Electronics,1045,756,1840,8,8,0,0,66.07,1279.82,0.073,0.723,70322.97,75409.83,4978.23,Medium,0,0,0,0,0.7234,289,1,0.5679,0.5679,0.07,67.29,5086.86,3698.41,0,Low,0,0,0.0,1045.0,756.0
2025-01-22,SUP001,Alpha Components,India,0.96,P007,Power Modules,Electronics,547,815,2100,6,6,0,0,86.72,3252.74,0.113,1.49,50688.58,56232.61,8627.94,Low,0,0,0,0,1.4899,-268,0,0.2605,0.2605,0.04,92.67,5544.03,5375.2,0,Low,0,0,0.0,547.0,815.0
2025-01-22,SUP002,Beta Electronics,Vietnam,0.92,P008,Circuit Boards,Electronics,1796,652,1781,10,16,1,6,32.9,577.22,0.165,0.363,59665.62,69462.83,4885.78,High,1,0,0,0,0.363,1144,1,1.0084,1.0084,0.08,33.22,9797.21,4308.56,6,High,0,0,0.0,1796.0,652.0
2025-01-29,SUP003,Gamma Semiconductors,Taiwan,0.89,P001,Microchips,Electronics,899,633,1801,12,12,0,0,129.62,3464.12,0.074,0.704,119992.5,128743.77,8587.42,Medium,0,0,0,0,0.7041,266,1,0.4992,0.4992,0.11,133.47,8751.27,5123.3,0,Low,0,0,0.0,899.0,633.0
2025-01-29,SUP001,Alpha Components,India,0.96,P002,Processors,Electronics,1046,2512,2395,5,5,0,0,99.35,2562.14,0.132,2.402,106482.24,120368.79,12052.84,Low,0,0,0,0,2.4015,-1466,0,0.4367,0.4367,0.04,101.8,13886.55,9490.7,0,Low,0,0,0.0,1103.0,366.0
2025-01-29,SUP004,Delta Manufacturing,China,0.94,P003,Memory Modules,Electronics,1216,1633,2391,7,11,1,4,104.99,820.35,0.098,1.343,128488.19,141039.84,4398.5,High,0,0,0,0,1.3429,-417,0,0.5086,0.5086,0.06,105.66,12551.65,3578.15,4,High,0,0,0.0,1216.0,1633.0
2025-01-29,SUP007,Eta Systems,India,0.95,P004,Display Panels,Electronics,817,600,1314,6,6,0,0,141.0,676.34,0.113,0.734,115873.34,128928.81,4276.54,Medium,0,0,0,0,0.7344,217,1,0.6218,0.6218,0.05,141.83,13055.47,3600.2,0,Low,0,0,0.0,621.0,361.5
2025-01-29,SUP002,Beta Electronics,Vietnam,0.92,P005,Battery Cells,Energy,856,2340,2119,9,9,0,0,118.25,2033.62,0.19,2.734,103255.62,122680.99,9256.99,Medium,0,0,0,0,2.7336,-1484,0,0.404,0.404,0.08,120.63,19425.37,7223.37,0,Low,0,0,0.0,856.0,2340.0
2025-01-29,SUP005,Epsilon Tech,Malaysia,0.91,P006,Sensors,Electronics,1224,1445,1402,4,4,0,0,78.51,2253.28,0.095,1.181,98349.52,107585.69,5918.81,Medium,0,0,0,0,1.1806,-221,0,0.873,0.873,0.09,80.35,9236.17,3665.53,0,Low,0,0,0.0,969.0,839.0
2025-01-29,SUP008,Theta Components,Singapore,0.93,P007,Power Modules,Electronics,944,1530,2356,5,5,0,0,142.99,3080.47,0.145,1.621,138063.03,157858.84,10219.45,Low,0,0,0,0,1.6208,-586,0,0.4007,0.4007,0.07,146.25,19795.81,7138.98,0,Low,0,0,0.0,944.0,1530.0
2025-01-29,SUP006,Zeta Industrial,South Korea,0.97,P008,Circuit Boards,Electronics,1848,1801,2638,13,13,0,0,20.95,2724.89,0.059,0.975,41440.49,43805.09,11570.5,Medium,1,0,0,0,0.9746,47,1,0.7005,0.7005,0.03,22.42,2364.6,8845.61,0,Low,0,0,0.0,1848.0,1801.0
2025-02-05,SUP001,Alpha Components,India,0.96,P001,Microchips,Electronics,808,2034,1573,7,7,0,0,107.54,827.43,0.173,2.517,87719.75,102823.69,3798.45,Low,0,0,0,0,2.5173,-1226,0,0.5137,0.5137,0.04,108.56,15103.94,2971.02,0,Low,0,0,0.0,1202.0,1678.0
2025-02-05,SUP004,Delta Manufacturing,China,0.94,P002,Processors,Electronics,714,1792,1538,11,11,0,0,142.51,4937.0,0.163,2.51,106689.14,123677.1,14148.25,Low,0,0,1,0,2.5098,-1078,0,0.4642,0.4642,0.06,149.42,16987.96,9211.25,0,Low,0,0,0.0,1087.0,1242.0
2025-02-05,SUP008,Theta Components,Singapore,0.93,P003,Memory Modules,Electronics,1244,2168,2019,3,3,0,0,69.69,1641.57,0.111,1.743,88335.93,98050.11,7832.95,Low,0,0,0,0,1.7428,-924,0,0.6161,0.6161,0.07,71.01,9714.18,6191.38,0,Low,0,0,0.0,1244.0,2168.0
2025-02-05,SUP002,Beta Electronics,Vietnam,0.92,P004,Display Panels,Electronics,855,1969,2028,8,8,0,0,144.63,2186.92,0.093,2.303,125845.57,137447.52,9637.15,Medium,0,0,0,0,2.3029,-1114,0,0.4216,0.4216,0.08,147.19,11601.95,7450.23,0,Low,0,0,0.0,855.0,1969.0
2025-02-05,SUP006,Zeta Industrial,South Korea,0.97,P005,Battery Cells,Energy,533,362,1157,10,10,0,0,14.16,4660.89,0.188,0.679,12208.17,14065.18,12308.57,High,0,0,0,0,0.6792,171,1,0.4607,0.4607,0.03,22.9,1857.01,7647.68,0,Low,0,0,0.0,749.0,930.0
2025-02-05,SUP003,Gamma Semiconductors,Taiwan,0.89,P006,Sensors,Electronics,1140,870,2465,16,16,0,0,97.11,3129.41,0.185,0.763,113834.81,134604.78,7594.71,Medium,0,0,0,0,0.7632,270,1,0.4625,0.4625,0.11,99.86,20769.97,4465.3,0,Low,0,0,0.0,943.0,841.0
2025-02-05,SUP005,Epsilon Tech,Malaysia,0.91,P007,Power Modules,Electronics,723,1300,1783,8,8,0,0,34.71,2586.64,0.103,1.798,27681.97,30400.0,9086.56,Medium,0,0,0,0,1.7981,-577,0,0.4055,0.4055,0.09,38.29,2718.03,6499.92,0,Low,3,1,1.5,766.5,680.5
2025-02-05,SUP007,Eta Systems,India,0.95,P008,Circuit Boards,Electronics,840,1866,1939,2,2,0,0,66.39,3212.52,0.091,2.221,58980.12,64201.14,7745.41,Low,0,0,0,0,2.2214,-1026,0,0.4332,0.4332,0.05,70.21,5221.02,4532.89,0,Low,0,0,0.0,1218.0,3192.0
2025-02-12,SUP004,Delta Manufacturing,China,0.94,P001,Microchips,Electronics,809,1590,2023,10,13,1,3,118.42,2661.67,0.198,1.965,98463.45,117695.71,8916.23,High,0,0,0,0,1.9654,-781,0,0.3999,0.3999,0.06,121.71,19232.26,6254.56,3,Medium,0,0,0.0,809.0,1590.0
2025-02-12,SUP007,Eta Systems,India,0.95,P002,Processors,Electronics,766,1890,2026,3,6,1,3,9.94,839.12,0.154,2.467,8453.16,9690.33,4214.18,High,0,0,0,0,2.4674,-1124,0,0.3781,0.3781,0.05,11.04,1237.17,3375.06,3,Medium,0,0,0.0,766.0,1890.0
2025-02-12,SUP001,Alpha Components,India,0.96,P003,Memory Modules,Electronics,1236,3280,1522,3,3,0,0,42.23,1422.7,0.088,2.654,53618.98,58274.85,5119.13,Low,0,0,0,0,2.6537,-2044,0,0.8121,0.8121,0.04,43.38,4655.87,3696.43,0,Low,0,0,0.0,989.0,1651.0
2025-02-12,SUP008,Theta Components,Singapore,0.93,P004,Display Panels,Electronics,848,918,1980,8,8,0,0,103.36,2841.38,0.166,1.083,90490.66,105276.28,10593.62,Low,0,0,0,0,1.0825,-70,0,0.4283,0.4283,0.07,106.71,14785.62,7752.24,0,Low,0,0,0.0,715.0,1096.0
2025-02-12,SUP005,Epsilon Tech,Malaysia,0.91,P005,Battery Cells,Energy,453,1148,1235,12,12,0,0,76.17,2392.41,0.168,2.534,36897.42,42895.22,8977.44,Medium,0,0,0,0,2.5342,-695,0,0.3668,0.3668,0.09,81.45,5997.8,6585.03,0,Low,0,0,0.0,453.0,1148.0
2025-02-12,SUP003,Gamma Semiconductors,Taiwan,0.89,P006,Sensors,Electronics,802,2178,2445,11,11,0,0,63.7,2468.64,0.186,2.716,53556.04,63287.88,7927.2,Medium,0,0,0,0,2.7157,-1376,0,0.328,0.328,0.11,66.78,9731.84,5458.56,0,Low,0,0,0.0,1008.7,850.7
2025-02-12,SUP002,Beta Electronics,Vietnam,0.92,P007,Power Modules,Electronics,971,827,2219,6,6,0,0,28.88,4669.64,0.124,0.852,32712.12,36478.91,12939.26,Medium,0,0,0,0,0.8517,144,1,0.4376,0.4376,0.08,33.69,3766.79,8269.62,0,Low,0,0,0.0,971.0,827.0
2025-02-12,SUP006,Zeta Industrial,South Korea,0.97,P008,Circuit Boards,Electronics,1345,1023,1297,8,8,0,0,18.77,1079.96,0.069,0.761,26325.61,28104.82,3962.73,Medium,0,0,0,0,0.7606,322,1,1.037,1.037,0.03,19.57,1779.21,2882.77,0,Low,0,0,0.0,1848.0,1801.0
2025-02-19,SUP002,Beta Electronics,Vietnam,0.92,P001,Microchips,Electronics,892,674,1871,8,8,0,0,57.0,2064.29,0.055,0.756,52908.29,55761.48,8041.28,Medium,0,0,0,0,0.7556,218,1,0.4768,0.4768,0.08,59.31,2853.19,5976.99,0,Low,0,0,0.0,1414.0,1014.0
2025-02-19,SUP005,Epsilon Tech,Malaysia,0.91,P002,Processors,Electronics,1073,1315,1345,13,13,0,0,13.58,4097.35,0.144,1.226,18668.69,21061.97,10658.24,Medium,0,0,0,0,1.2255,-242,0,0.7978,0.7978,0.09,17.4,2393.28,6560.89,0,Low,0,0,0.0,1073.0,1315.0
2025-02-19,SUP006,Zeta Industrial,South Korea,0.97,P003,Memory Modules,Electronics,847,791,1436,6,6,0,0,148.05,2914.66,0.189,0.934,128313.01,152288.73,8710.59,Medium,0,0,1,0,0.9339,56,1,0.5898,0.5898,0.03,151.49,23975.72,5795.93,0,Low,0,0,0.0,808.0,736.0
2025-02-19,SUP003,Gamma Semiconductors,Taiwan,0.89,P004,Display Panels,Electronics,477,529,2239,12,12,0,0,109.3,4528.43,0.127,1.109,56664.53,63573.37,14487.99,Medium,0,0,0,0,1.109,-52,0,0.213,0.213,0.11,118.79,6908.84,9959.56,0,Low,0,0,0.0,704.0,1148.0
2025-02-19,SUP001,Alpha Components,India,0.96,P005,Battery Cells,Energy,905,1289,2305,2,2,0,0,33.88,3037.84,0.176,1.424,33699.24,39362.98,7750.2,Low,0,0,0,0,1.4243,-384,0,0.3926,0.3926,0.04,37.24,5663.74,4712.36,0,Low,0,0,0.0,905.0,1289.0
2025-02-19,SUP007,Eta Systems,India,0.95,P006,Sensors,Electronics,1236,1035,1344,3,3,0,0,78.78,891.14,0.131,0.837,98263.22,111077.33,5477.2,Medium,0,0,0,0,0.8374,201,1,0.9196,0.9196,0.05,79.5,12814.11,4586.06,0,Low,0,0,0.0,1236.0,1035.0
2025-02-19,SUP004,Delta Manufacturing,China,0.94,P007,Power Modules,Electronics,868,369,1947,11,11,0,0,94.27,1599.59,0.125,0.425,83425.95,93754.22,6231.14,High,0,0,0,0,0.4251,499,1,0.4458,0.4458,0.06,96.11,10328.27,4631.55,0,Low,11,1,11.0,687.0,540.0
2025-02-19,SUP008,Theta Components,Singapore,0.93,P008,Circuit Boards,Electronics,1461,1127,1637,5,5,0,0,20.48,4126.39,0.058,0.771,34047.67,35902.77,17343.38,Medium,0,0,0,0,0.7714,334,1,0.8925,0.8925,0.07,23.3,1855.1,13216.99,0,Low,0,0,0.0,1000.5,1286.5
2025-02-26,SUP001,Alpha Components,India,0.96,P001,Microchips,Electronics,1646,3060,2191,7,7,0,0,139.97,3005.43,0.136,1.859,233396.05,264933.54,10975.15,Low,0,0,0,0,1.8591,-1414,0,0.7513,0.7513,0.04,141.8,31537.49,7969.72,0,Low,0,0,0.0,1005.0,1856.0
2025-02-26,SUP008,Theta Components,Singapore,0.93,P002,Processors,Electronics,875,720,2533,2,2,0,0,83.24,3682.54,0.165,0.823,76517.54,88839.12,8939.31,Medium,0,0,0,0,0.8229,155,1,0.3454,0.3454,0.07,87.45,12321.58,5256.77,0,Low,0,0,0.0,875.0,720.0
2025-02-26,SUP003,Gamma Semiconductors,Taiwan,0.89,P003,Memory Modules,Electronics,1310,1429,2054,11,11,0,0,85.9,2970.15,0.08,1.091,115499.15,124620.28,11708.8,Medium,0,0,0,0,1.0908,-119,0,0.6378,0.6378,0.11,88.17,9121.13,8738.65,0,Low,0,0,0.0,1310.0,1429.0
2025-02-26,SUP006,Zeta Industrial,South Korea,0.97,P004,Display Panels,Electronics,718,1466,1428,13,13,0,0,120.79,980.15,0.178,2.042,87707.37,103232.05,4677.04,Low,0,0,0,0,2.0418,-748,0,0.5028,0.5028,0.03,122.16,15524.68,3696.89,0,Low,0,0,0.0,718.0,1466.0
2025-02-26,SUP002,Beta Electronics,Vietnam,0.92,P005,Battery Cells,Energy,775,628,2360,6,6,0,0,89.58,4288.23,0.071,0.81,73712.73,78794.1,16912.9,Medium,0,0,0,0,0.8103,147,1,0.3284,0.3284,0.08,95.11,5081.37,12624.67,0,Low,0,0,0.0,856.0,2340.0
2025-02-26,SUP004,Delta Manufacturing,China,0.94,P006,Sensors,Electronics,990,761,1924,9,9,0,0,91.54,3573.42,0.118,0.769,94198.02,105102.55,14879.71,Medium,0,0,0,0,0.7687,229,1,0.5146,0.5146,0.06,95.15,10904.53,11306.29,0,Low,0,0,0.0,990.0,761.0
2025-02-26,SUP005,Epsilon Tech,Malaysia,0.91,P007,Power Modules,Electronics,624,1103,1421,4,4,0,0,135.74,2227.51,0.132,1.768,86929.27,98256.92,10063.83,Medium,0,0,0,0,1.7676,-479,0,0.4391,0.4391,0.09,139.31,11327.65,7836.32,0,Low,0,0,1.0,752.0,887.0
2025-02-26,SUP007,Eta Systems,India,0.95,P008,Circuit Boards,Electronics,997,1581,1778,5,5,0,0,96.05,2900.57,0.184,1.586,98662.42,116549.45,11934.57,Low,0,0,0,0,1.5858,-584,0,0.5607,0.5607,0.05,98.96,17887.03,9034.0,0,Low,0,0,0.0,1029.0,2529.0
2025-03-05,SUP004,Delta Manufacturing,China,0.94,P001,Microchips,Electronics,995,1855,1797,6,6,0,0,84.18,2204.7,0.119,1.864,85963.8,96062.31,8908.84,Low,0,0,0,0,1.8643,-860,0,0.5537,0.5537,0.06,86.4,10098.51,6704.14,0,Low,3,1,3.0,809.0,1590.0
2025-03-05,SUP002,Beta Electronics,Vietnam,0.92,P002,Processors,Electronics,1197,2054,2484,7,12,1,5,106.54,2942.26,0.088,1.716,130470.64,141822.6,9260.23,High,0,0,0,0,1.716,-857,0,0.4819,0.4819,0.08,109.0,11351.96,6317.97,5,High,0,0,0.0,700.0,1701.0
2025-03-05,SUP008,Theta Components,Singapore,0.93,P003,Memory Modules,Electronics,1349,1125,2406,7,7,0,0,137.48,1126.02,0.065,0.834,186586.54,198678.07,5536.96,Medium,0,0,0,0,0.834,224,1,0.5607,0.5607,0.07,138.31,12091.53,4410.94,0,Low,0,0,0.0,1244.0,2168.0
2025-03-05,SUP006,Zeta Industrial,South Korea,0.97,P004,Display Panels,Electronics,859,1906,2103,13,25,1,12,117.52,2184.96,0.06,2.219,103134.64,109257.17,5331.71,High,0,0,0,1,2.2189,-1047,0,0.4085,0.4085,0.03,120.06,6122.53,3146.75,12,High,0,0,0.0,718.0,1466.0
2025-03-05,SUP003,Gamma Semiconductors,Taiwan,0.89,P005,Battery Cells,Energy,696,510,1778,14,20,1,6,25.7,4643.79,0.18,0.733,22530.99,26168.63,15454.61,High,0,0,0,0,0.7328,186,1,0.3915,0.3915,0.11,32.37,3637.64,10810.82,6,High,0,0,0.0,480.0,742.0
2025-03-05,SUP007,Eta Systems,India,0.95,P006,Sensors,Electronics,1130,1537,2168,2,13,1,11,24.23,2365.27,0.18,1.36,29745.17,34886.43,11416.17,High,0,0,0,0,1.3602,-407,0,0.5212,0.5212,0.05,26.32,5141.26,9050.9,11,High,0,0,0.0,1236.0,1035.0
2025-03-05,SUP005,Epsilon Tech,Malaysia,0.91,P007,Power Modules,Electronics,974,1975,1417,14,14,0,0,28.0,1293.74,0.125,2.028,28565.74,32055.6,5940.08,Medium,0,0,0,0,2.0277,-1001,0,0.6874,0.6874,0.09,29.33,3489.86,4646.34,0,Low,0,0,0.75,720.0,941.0
2025-03-05,SUP001,Alpha Components,India,0.96,P008,Circuit Boards,Electronics,976,2056,1784,5,5,0,0,81.15,4889.94,0.119,2.107,84092.34,93808.38,17578.31,Low,0,0,0,0,2.1066,-1080,0,0.5471,0.5471,0.04,86.16,9716.04,12688.37,0,Low,0,0,0.0,976.0,2056.0
2025-03-12,SUP003,Gamma Semiconductors,Taiwan,0.89,P001,Microchips,Electronics,1014,974,1434,15,30,1,15,61.64,4264.54,0.138,0.961,66767.5,75687.16,12785.77,High,0,0,0,1,0.9606,40,1,0.7071,0.7071,0.11,65.85,8919.66,8521.23,15,High,0,0,0.0,899.0,633.0
2025-03-12,SUP002,Beta Electronics,Vietnam,0.92,P002,Processors,Electronics,743,606,1701,11,11,0,0,22.62,2004.63,0.061,0.816,18811.29,19897.64,8278.77,Medium,0,0,0,0,0.8156,137,1,0.4368,0.4368,0.08,25.32,1086.35,6274.14,0,Low,5,1,2.5,948.5,1877.5
2025-03-12,SUP008,Theta Components,Singapore,0.93,P003,Memory Modules,Electronics,961,2607,2503,9,9,0,0,101.57,621.93,0.083,2.713,98230.7,106358.04,3393.92,Low,0,0,0,0,2.7128,-1646,0,0.3839,0.3839,0.07,102.22,8127.34,2771.99,0,Low,0,0,0.0,1296.5,1646.5
2025-03-12,SUP004,Delta Manufacturing,China,0.94,P004,Display Panels,Electronics,727,629,2277,8,8,0,0,41.82,947.49,0.086,0.865,31350.63,34006.04,5008.04,Medium,0,0,0,0,0.8652,98,1,0.3193,0.3193,0.06,43.12,2655.41,4060.55,0,Low,0,0,0.0,727.0,629.0
2025-03-12,SUP006,Zeta Industrial,South Korea,0.97,P005,Battery Cells,Energy,890,1110,1551,11,11,0,0,135.28,558.51,0.063,1.247,120957.71,128560.45,2209.39,Low,0,0,0,0,1.2472,-220,0,0.5738,0.5738,0.03,135.91,7602.74,1650.88,0,Low,0,0,0.0,641.0,646.0
2025-03-12,SUP001,Alpha Components,India,0.96,P006,Sensors,Electronics,1080,2410,2047,2,2,0,0,56.54,1667.41,0.107,2.231,62730.61,69353.58,6877.83,Low,0,0,0,0,2.2315,-1330,0,0.5276,0.5276,0.04,58.08,6622.97,5210.42,0,Low,0,0,0.0,1080.0,2410.0
2025-03-12,SUP005,Epsilon Tech,Malaysia,0.91,P007,Power Modules,Electronics,760,654,1804,5,5,0,0,39.17,4885.46,0.167,0.861,34654.66,40034.05,11538.26,Medium,0,0,0,0,0.8605,106,1,0.4213,0.4213,0.09,45.6,5379.39,6652.8,0,Low,0,0,0.75,825.2,1301.5
2025-03-12,SUP007,Eta Systems,India,0.95,P008,Circuit Boards,Electronics,858,721,1327,2,2,0,0,84.91,3350.65,0.089,0.84,76203.43,82836.43,9084.37,Medium,0,0,0,0,0.8403,137,1,0.6466,0.6466,0.05,88.82,6633.0,5733.72,0,Low,0,0,0.0,1018.3,2213.0
2025-03-19,SUP003,Gamma Semiconductors,Taiwan,0.89,P001,Microchips,Electronics,1604,3091,1578,11,11,0,0,46.92,2993.8,0.148,1.927,78253.48,89613.45,13451.28,Medium,0,0,0,0,1.9271,-1487,0,1.0165,1.0165,0.11,48.79,11359.97,10457.48,0,Low,15,1,7.5,956.5,803.5
2025-03-19,SUP008,Theta Components,Singapore,0.93,P002,Processors,Electronics,891,2254,1126,9,9,0,0,97.9,2724.23,0.136,2.53,89953.13,102001.51,11814.74,Low,0,0,0,0,2.5297,-1363,0,0.7913,0.7913,0.07,100.96,12048.38,9090.51,0,Low,0,0,0.0,875.0,720.0
2025-03-19,SUP006,Zeta Industrial,South Korea,0.97,P003,Memory Modules,Electronics,1357,1240,1386,8,13,1,5,42.84,2251.83,0.093,0.914,60385.71,65896.87,8796.11,High,0,0,0,0,0.9138,117,1,0.9791,0.9791,0.03,44.5,5511.16,6544.28,5,High,0,0,0.0,827.5,763.5
2025-03-19,SUP001,Alpha Components,India,0.96,P004,Display Panels,Electronics,626,1353,1809,7,7,0,0,76.69,1714.6,0.131,2.161,49722.54,56123.89,5169.17,Low,0,0,0,0,2.1613,-727,0,0.346,0.346,0.04,79.43,6401.35,3454.57,0,Low,0,0,0.0,626.0,1353.0
2025-03-19,SUP005,Epsilon Tech,Malaysia,0.91,P005,Battery Cells,Energy,906,798,1364,5,16,1,11,57.92,2357.57,0.156,0.881,54833.09,63203.16,9159.54,High,0,0,0,0,0.8808,108,1,0.6642,0.6642,0.09,60.52,8370.07,6801.97,11,High,0,0,0.0,453.0,1148.0
2025-03-19,SUP007,Eta Systems,India,0.95,P006,Sensors,Electronics,830,563,2452,7,7,0,0,59.26,912.12,0.188,0.678,50097.92,59430.59,3954.37,High,0,0,0,0,0.6783,267,1,0.3385,0.3385,0.05,60.36,9332.67,3042.25,0,Low,11,1,5.5,1183.0,1286.0
2025-03-19,SUP002,Beta Electronics,Vietnam,0.92,P007,Power Modules,Electronics,810,2047,1211,13,13,0,0,115.78,3758.46,0.146,2.527,97540.26,111506.77,17517.92,Medium,0,0,0,0,2.5272,-1237,0,0.6689,0.6689,0.08,120.42,13966.51,13759.46,0,Low,0,0,0.0,971.0,827.0
2025-03-19,SUP004,Delta Manufacturing,China,0.94,P008,Circuit Boards,Electronics,1288,693,1246,6,13,1,7,75.2,1907.85,0.068,0.538,98765.45,105416.63,8441.47,High,0,0,0,0,0.538,595,1,1.0337,1.0337,0.06,76.68,6651.18,6533.62,7,High,0,0,0.0,1288.0,693.0
2025-03-26,SUP001,Alpha Components,India,0.96,P001,Microchips,Electronics,1171,2492,1901,7,7,0,0,40.66,1042.55,0.062,2.128,48655.41,51639.73,5386.78,Low,0,0,0,0,2.1281,-1321,0,0.616,0.616,0.04,41.55,2984.32,4344.23,0,Low,0,0,0.0,1218.7,2257.3
2025-03-26,SUP004,Delta Manufacturing,China,0.94,P002,Processors,Electronics,732,320,2182,6,6,0,0,101.96,3820.35,0.128,0.437,78455.07,88252.82,12484.63,High,0,0,0,0,0.4372,412,1,0.3355,0.3355,0.06,107.18,9797.75,8664.28,0,Low,0,0,0.0,900.5,1517.0
2025-03-26,SUP006,Zeta Industrial,South Korea,0.97,P003,Memory Modules,Electronics,1249,3414,1459,8,8,0,0,83.11,4725.8,0.17,2.733,108530.19,126578.63,21730.99,Low,0,0,0,0,2.7334,-2165,0,0.8561,0.8561,0.03,86.89,18048.44,17005.19,0,Low,5,1,1.67,1004.0,922.3
2025-03-26,SUP007,Eta Systems,India,0.95,P004,Display Panels,Electronics,876,1838,1517,5,5,0,0,117.09,2379.95,0.113,2.098,104950.79,116675.76,9686.64,Low,0,0,0,0,2.0982,-962,0,0.5775,0.5775,0.05,119.81,11724.97,7306.69,0,Low,0,0,0.0,686.3,441.0
2025-03-26,SUP005,Epsilon Tech,Malaysia,0.91,P005,Battery Cells,Energy,402,381,2165,5,5,0,0,13.98,580.43,0.198,0.948,6200.39,7370.6,2274.42,Medium,1,0,0,0,0.9478,21,1,0.1857,0.1857,0.09,15.42,1170.21,1693.99,0,Low,11,1,5.5,679.5,973.0
2025-03-26,SUP003,Gamma Semiconductors,Taiwan,0.89,P006,Sensors,Electronics,1043,1017,1963,14,14,0,0,91.57,4920.49,0.183,0.975,100428.0,118356.1,18408.69,Medium,0,0,1,0,0.9751,26,1,0.5313,0.5313,0.11,96.29,17928.1,13488.2,0,Low,0,0,0.0,957.0,1182.5
2025-03-26,SUP002,Beta Electronics,Vietnam,0.92,P007,Power Modules,Electronics,725,807,2376,13,13,0,0,100.25,3234.82,0.127,1.113,75916.07,85352.0,8530.47,Medium,0,0,0,0,1.1131,-82,0,0.3051,0.3051,0.08,104.71,9435.93,5295.65,0,Low,0,0,0.0,890.5,1437.0
2025-03-26,SUP008,Theta Components,Singapore,0.93,P008,Circuit Boards,Electronics,1017,942,2036,7,7,0,0,97.43,1473.46,0.128,0.926,100559.77,113337.12,6582.31,Medium,0,0,0,0,0.9263,75,1,0.4995,0.4995,0.07,98.88,12777.35,5108.85,0,Low,0,0,0.0,1154.0,1233.3
2025-04-02,SUP006,Zeta Industrial,South Korea,0.97,P001,Microchips,Electronics,1015,1414,1102,13,13,0,0,12.95,4527.15,0.179,1.393,17671.4,20429.4,14729.5,Low,0,0,0,0,1.3931,-399,0,0.9211,0.9211,0.03,17.41,2758.0,10202.35,0,Low,0,0,0.0,1346.0,1321.0
2025-04-02,SUP001,Alpha Components,India,0.96,P002,Processors,Electronics,1184,3164,2040,5,15,1,10,140.29,3808.46,0.092,2.672,169911.82,185368.52,10357.54,High,0,0,0,0,2.6723,-1980,0,0.5804,0.5804,0.04,143.51,15456.7,6549.08,10,High,0,0,0.0,1074.5,1439.0
2025-04-02,SUP004,Delta Manufacturing,China,0.94,P003,Memory Modules,Electronics,1050,1199,2399,10,10,0,0,16.74,4473.08,0.127,1.142,22050.08,24566.4,19733.15,Low,0,0,0,0,1.1419,-149,0,0.4377,0.4377,0.06,21.0,2516.32,15260.07,0,Low,4,1,4.0,1216.0,1633.0
2025-04-02,SUP005,Epsilon Tech,Malaysia,0.91,P004,Display Panels,Electronics,439,644,1039,9,9,0,0,131.28,1603.78,0.074,1.467,59235.7,63559.8,4163.14,Medium,0,0,0,0,1.467,-205,0,0.4225,0.4225,0.09,134.93,4324.1,2559.36,0,Low,0,0,0.0,439.0,644.0
2025-04-02,SUP007,Eta Systems,India,0.95,P005,Battery Cells,Energy,956,1133,2568,4,4,0,0,30.52,4463.92,0.181,1.185,33641.04,39326.08,10488.62,Low,0,0,0,0,1.1851,-177,0,0.3723,0.3723,0.05,35.19,5685.04,6024.7,0,Low,0,0,0.0,956.0,1133.0
2025-04-02,SUP008,Theta Components,Singapore,0.93,P006,Sensors,Electronics,1093,1001,1771,8,12,1,4,126.16,2783.6,0.051,0.916,140676.48,147780.0,9032.53,High,0,0,0,0,0.9158,92,1,0.6172,0.6172,0.07,128.71,7103.52,6248.93,4,High,0,0,0.0,1045.0,756.0
2025-04-02,SUP002,Beta Electronics,Vietnam,0.92,P007,Power Modules,Electronics,612,890,2456,13,13,0,0,26.24,1775.04,0.053,1.454,17833.92,18732.08,6419.69,Medium,0,0,0,0,1.4542,-278,0,0.2492,0.2492,0.08,29.14,898.16,4644.65,0,Low,0,0,0.0,835.3,1227.0
2025-04-02,SUP003,Gamma Semiconductors,Taiwan,0.89,P008,Circuit Boards,Electronics,1371,1617,1605,13,19,1,6,17.63,1854.34,0.156,1.179,26025.07,29940.34,6205.78,High,0,0,0,0,1.1794,-246,0,0.8542,0.8542,0.11,18.98,3915.27,4351.44,6,High,0,0,0.0,1371.0,1617.0
2025-04-09,SUP008,Theta Components,Singapore,0.93,P001,Microchips,Electronics,1503,3475,2089,4,4,0,0,62.47,795.32,0.173,2.312,94687.73,110999.91,5490.27,Low,0,0,0,0,2.312,-1972,0,0.7195,0.7195,0.07,63.0,16312.18,4694.95,0,Low,0,0,0.0,1503.0,3475.0
2025-04-09,SUP005,Epsilon Tech,Malaysia,0.91,P002,Processors,Electronics,1008,382,1569,5,5,0,0,68.52,2531.24,0.075,0.379,71599.4,76874.43,11441.53,High,0,0,0,0,0.379,626,1,0.6424,0.6424,0.09,71.03,5275.03,8910.29,0,Low,0,0,0.0,1073.0,1315.0
2025-04-09,SUP004,Delta Manufacturing,China,0.94,P003,Memory Modules,Electronics,929,686,2173,8,8,0,0,29.45,2445.51,0.192,0.738,29804.56,35292.27,8684.18,Medium,0,0,0,0,0.7384,243,1,0.4275,0.4275,0.06,32.08,5487.71,6238.67,0,Low,0,0,2.0,1133.0,1416.0
2025-04-09,SUP007,Eta Systems,India,0.95,P004,Display Panels,Electronics,852,775,2480,3,3,0,0,12.42,3432.5,0.105,0.91,14014.34,15305.64,14755.85,Medium,0,0,0,0,0.9096,77,1,0.3435,0.3435,0.05,16.45,1291.3,11323.35,0,Low,0,0,0.0,733.8,790.2
2025-04-09,SUP003,Gamma Semiconductors,Taiwan,0.89,P005,Battery Cells,Energy,983,936,2083,14,27,1,13,127.96,3924.61,0.144,0.952,129709.29,148104.86,9331.46,High,0,0,0,1,0.9522,47,1,0.4719,0.4719,0.11,131.95,18395.57,5406.85,13,High,6,1,3.0,588.0,626.0
2025-04-09,SUP002,Beta Electronics,Vietnam,0.92,P006,Sensors,Electronics,1077,898,2098,12,26,1,14,43.15,3012.86,0.084,0.834,49485.41,53515.64,8715.58,High,0,0,0,1,0.8338,179,1,0.5133,0.5133,0.08,45.95,4030.23,5702.72,14,High,0,0,0.0,1077.0,898.0
2025-04-09,SUP006,Zeta Industrial,South Korea,0.97,P007,Power Modules,Electronics,616,951,1485,10,10,0,0,73.97,3562.05,0.109,1.544,49127.57,54288.34,16027.35,Low,0,0,0,0,1.5438,-335,0,0.4148,0.4148,0.03,79.75,5160.77,12465.3,0,Low,0,0,0.0,616.0,951.0
2025-04-09,SUP001,Alpha Components,India,0.96,P008,Circuit Boards,Electronics,810,2160,1800,2,10,1,8,114.38,1156.65,0.065,2.667,93804.45,99864.15,4499.09,High,0,0,0,0,2.6667,-1350,0,0.45,0.45,0.04,115.81,6059.7,3342.44,8,High,0,0,0.0,976.0,2056.0
2025-04-16,SUP005,Epsilon Tech,Malaysia,0.91,P001,Microchips,Electronics,1041,2649,1001,4,4,0,0,58.81,1949.43,0.197,2.545,63170.64,75423.24,6572.14,Medium,0,0,0,0,2.5447,-1608,0,1.04,1.04,0.09,60.68,12252.6,4622.71,0,Low,0,0,0.0,1041.0,2649.0
2025-04-16,SUP003,Gamma Semiconductors,Taiwan,0.89,P002,Processors,Electronics,692,393,1993,12,25,1,13,12.49,4712.96,0.058,0.568,13356.04,13994.01,16033.99,High,0,0,0,1,0.5679,299,1,0.3472,0.3472,0.11,19.3,637.97,11321.03,13,High,0,0,0.0,692.0,393.0
2025-04-16,SUP002,Beta Electronics,Vietnam,0.92,P003,Memory Modules,Electronics,1063,995,2307,12,12,0,0,86.53,3188.64,0.168,0.936,95170.03,110890.75,10547.76,Medium,0,0,0,0,0.936,68,1,0.4608,0.4608,0.08,89.53,15720.72,7359.12,0,Low,0,0,0.0,835.0,357.0
2025-04-16,SUP001,Alpha Components,India,0.96,P004,Display Panels,Electronics,413,308,1511,6,6,0,0,54.72,2615.82,0.162,0.746,25215.18,29088.16,10863.46,Medium,1,0,0,0,0.7458,105,1,0.2733,0.2733,0.04,61.05,3872.98,8247.64,0,Low,0,0,0.0,626.0,1353.0
2025-04-16,SUP007,Eta Systems,India,0.95,P005,Battery Cells,Energy,687,485,1506,4,4,0,0,149.48,4886.57,0.148,0.706,107579.33,123139.46,12523.99,Medium,0,0,1,0,0.706,202,1,0.4562,0.4562,0.05,156.59,15560.13,7637.42,0,Low,0,0,0.0,956.0,1133.0
2025-04-16,SUP004,Delta Manufacturing,China,0.94,P006,Sensors,Electronics,792,661,2430,10,10,0,0,113.46,2414.72,0.102,0.835,92275.04,101563.94,8462.12,Medium,0,0,0,0,0.8346,131,1,0.3259,0.3259,0.06,116.51,9288.9,6047.4,0,Low,0,0,0.0,990.0,761.0
2025-04-16,SUP008,Theta Components,Singapore,0.93,P007,Power Modules,Electronics,651,1151,2046,6,6,0,0,94.08,3189.76,0.169,1.768,64435.84,75055.96,12375.76,Low,0,0,0,0,1.768,-500,0,0.3182,0.3182,0.07,98.98,10620.12,9186.0,0,Low,0,0,0.0,944.0,1530.0
2025-04-16,SUP006,Zeta Industrial,South Korea,0.97,P008,Circuit Boards,Electronics,985,799,2369,7,7,0,0,112.1,1092.05,0.157,0.811,111510.55,128931.98,5598.67,Medium,0,0,0,0,0.8112,186,1,0.4158,0.4158,0.03,113.21,17421.43,4506.62,0,Low,0,0,0.0,1596.5,1412.0
2025-04-23,SUP005,Epsilon Tech,Malaysia,0.91,P001,Microchips,Electronics,1352,635,1569,11,11,0,0,102.09,928.68,0.148,0.47,138954.36,159450.88,4528.61,High,0,0,0,0,0.4697,717,1,0.8617,0.8617,0.09,102.78,20496.52,3599.93,0,Low,0,0,0.0,1041.0,2649.0
2025-04-23,SUP008,Theta Components,Singapore,0.93,P002,Processors,Electronics,712,383,2352,5,5,0,0,145.71,2542.05,0.085,0.538,106287.57,115213.98,5917.39,High,0,0,0,0,0.5379,329,1,0.3027,0.3027,0.07,149.28,8926.41,3375.34,0,Low,0,0,0.0,883.0,1487.0
2025-04-23,SUP001,Alpha Components,India,0.96,P003,Memory Modules,Electronics,1160,1010,1756,5,5,0,0,31.72,1254.29,0.056,0.871,38049.49,40145.14,6789.53,Medium,0,0,0,0,0.8707,150,1,0.6606,0.6606,0.04,32.8,2095.65,5535.24,0,Low,0,0,0.0,1112.5,2465.5
2025-04-23,SUP003,Gamma Semiconductors,Taiwan,0.89,P004,Display Panels,Electronics,564,1359,1304,13,13,0,0,87.26,2929.58,0.055,2.41,52144.22,54931.59,12878.71,Medium,0,0,0,0,2.4096,-795,0,0.4325,0.4325,0.11,92.45,2787.37,9949.13,0,Low,0,0,0.0,590.5,838.5
2025-04-23,SUP002,Beta Electronics,Vietnam,0.92,P005,Battery Cells,Energy,692,385,2243,8,8,0,0,140.61,1922.7,0.126,0.556,99224.82,111606.02,4498.68,High,0,0,0,0,0.5564,307,1,0.3085,0.3085,0.08,143.39,12381.2,2575.98,0,Low,0,0,0.0,815.5,1484.0
2025-04-23,SUP007,Eta Systems,India,0.95,P006,Sensors,Electronics,941,970,2439,2,2,0,0,131.24,2546.33,0.127,1.031,126043.17,141888.96,9453.11,Low,0,0,0,0,1.0308,-29,0,0.3858,0.3858,0.05,133.95,15845.79,6906.78,0,Low,0,0,3.67,1065.3,1045.0
2025-04-23,SUP006,Zeta Industrial,South Korea,0.97,P007,Power Modules,Electronics,839,364,1250,13,13,0,0,112.07,1230.72,0.078,0.434,95257.45,102639.53,5409.5,High,0,0,0,0,0.4338,475,1,0.6712,0.6712,0.03,113.54,7382.08,4178.78,0,Low,0,0,0.0,616.0,951.0
2025-04-23,SUP004,Delta Manufacturing,China,0.94,P008,Circuit Boards,Electronics,1316,1174,1301,12,12,0,0,105.02,2737.29,0.143,0.892,140943.61,160902.83,13077.77,Medium,0,0,0,0,0.8921,142,1,1.0115,1.0115,0.06,107.1,19959.22,10340.48,0,Low,7,1,7.0,1288.0,693.0
2025-04-30,SUP002,Beta Electronics,Vietnam,0.92,P001,Microchips,Electronics,1086,2183,2276,7,7,0,0,14.85,4897.28,0.111,2.01,21024.38,23086.29,21409.99,Medium,0,0,0,0,2.0101,-1097,0,0.4772,0.4772,0.08,19.36,2061.91,16512.71,0,Low,0,0,0.0,1153.0,844.0
2025-04-30,SUP007,Eta Systems,India,0.95,P002,Processors,Electronics,1138,2888,2382,6,6,0,0,139.45,2471.78,0.185,2.538,161165.88,190752.93,11336.55,Low,0,0,0,0,2.5378,-1750,0,0.4777,0.4777,0.05,141.62,29587.05,8864.77,0,Low,3,1,3.0,766.0,1890.0
2025-04-30,SUP005,Epsilon Tech,Malaysia,0.91,P003,Memory Modules,Electronics,1164,915,2418,10,13,1,3,60.04,2282.78,0.154,0.786,72169.34,83107.64,8185.21,High,0,0,0,0,0.7861,249,1,0.4814,0.4814,0.09,62.0,10938.3,5902.43,3,Medium,0,0,0.0,1270.0,924.0
2025-04-30,SUP006,Zeta Industrial,South Korea,0.97,P004,Display Panels,Electronics,704,539,1835,7,7,0,0,31.92,3391.59,0.164,0.766,25863.27,29826.74,11455.13,Medium,0,0,0,0,0.7656,165,1,0.3837,0.3837,0.03,36.74,3963.47,8063.54,0,Low,12,1,6.0,788.5,1686.0
2025-04-30,SUP008,Theta Components,Singapore,0.93,P005,Battery Cells,Energy,727,1890,1915,6,6,0,0,61.99,2294.7,0.137,2.6,47361.43,53692.76,8459.08,Low,0,0,0,0,2.5997,-1163,0,0.3796,0.3796,0.07,65.15,6331.33,6164.38,0,Low,0,0,0.0,727.0,1890.0
2025-04-30,SUP001,Alpha Components,India,0.96,P006,Sensors,Electronics,1042,2347,1825,4,13,1,9,69.18,4535.21,0.061,2.252,76620.77,81156.31,20619.66,High,0,0,0,0,2.2524,-1305,0,0.571,0.571,0.04,73.53,4535.54,16084.45,9,High,0,0,0.0,1080.0,2410.0
2025-04-30,SUP003,Gamma Semiconductors,Taiwan,0.89,P007,Power Modules,Electronics,550,888,1323,11,11,0,0,95.66,2853.88,0.151,1.615,55466.88,63626.91,12493.26,Medium,0,0,0,0,1.6145,-338,0,0.4157,0.4157,0.11,100.85,8160.03,9639.38,0,Low,0,0,0.0,550.0,888.0
2025-04-30,SUP004,Delta Manufacturing,China,0.94,P008,Circuit Boards,Electronics,905,1337,1869,9,9,0,0,82.19,1054.5,0.179,1.477,75436.45,88845.2,5077.76,Low,0,0,0,0,1.4773,-432,0,0.4842,0.4842,0.06,83.36,13408.75,4023.26,0,Low,0,0,3.5,1302.0,933.5
2025-05-07,SUP003,Gamma Semiconductors,Taiwan,0.89,P001,Microchips,Electronics,1621,3328,2079,15,15,0,0,92.28,4071.85,0.147,2.053,153657.73,175946.14,11535.51,Medium,0,0,0,0,2.0531,-1707,0,0.7797,0.7797,0.11,94.79,22288.41,7463.66,0,Low,0,0,5.0,1172.3,1566.0
2025-05-07,SUP008,Theta Components,Singapore,0.93,P002,Processors,Electronics,1133,871,1251,6,6,0,0,111.94,4330.28,0.151,0.769,131158.3,150636.27,18643.62,Medium,0,0,0,0,0.7688,262,1,0.9057,0.9057,0.07,115.76,19477.97,14313.34,0,Low,0,0,0.0,826.0,1119.0
2025-05-07,SUP004,Delta Manufacturing,China,0.94,P003,Memory Modules,Electronics,1238,951,1441,7,7,0,0,84.02,1303.01,0.097,0.768,105319.77,115472.59,4686.34,Medium,0,0,0,0,0.7682,287,1,0.8591,0.8591,0.06,85.07,10152.82,3383.33,0,Low,0,0,1.33,1065.0,1172.7
2025-05-07,SUP006,Zeta Industrial,South Korea,0.97,P004,Display Panels,Electronics,922,814,1749,6,6,0,0,148.27,1113.98,0.154,0.883,137818.92,158957.26,4600.33,Medium,0,0,1,0,0.8829,108,1,0.5272,0.5272,0.03,149.48,21138.34,3486.35,0,Low,0,0,4.0,760.3,1303.7
2025-05-07,SUP005,Epsilon Tech,Malaysia,0.91,P005,Battery Cells,Energy,566,693,1458,6,6,0,0,55.89,4574.86,0.166,1.224,36208.6,41839.51,12257.06,Medium,0,0,0,0,1.2244,-127,0,0.3882,0.3882,0.09,63.97,5630.91,7682.2,0,Low,0,0,3.67,587.0,775.7
2025-05-07,SUP002,Beta Electronics,Vietnam,0.92,P006,Sensors,Electronics,772,617,1847,12,15,1,3,126.12,3513.21,0.06,0.799,100877.85,106825.12,12807.48,High,0,0,0,0,0.7992,155,1,0.418,0.418,0.08,130.67,5947.27,9294.27,3,Medium,14,1,14.0,1077.0,898.0
2025-05-07,SUP001,Alpha Components,India,0.96,P007,Power Modules,Electronics,699,981,2061,3,3,0,0,103.07,4973.63,0.149,1.403,77019.56,88124.94,17075.72,Low,0,0,1,0,1.4034,-282,0,0.3392,0.3392,0.04,110.19,11105.38,12102.09,0,Low,0,0,0.0,547.0,815.0
2025-05-07,SUP007,Eta Systems,India,0.95,P008,Circuit Boards,Electronics,915,1057,2487,6,6,0,0,105.98,1404.2,0.13,1.155,98375.9,111073.49,4386.5,Low,0,0,0,0,1.1552,-142,0,0.3679,0.3679,0.05,107.51,12697.59,2982.3,0,Low,0,0,0.0,978.2,1840.0
2025-05-14,SUP006,Zeta Industrial,South Korea,0.97,P001,Microchips,Electronics,1341,912,1477,11,11,0,0,139.63,2929.81,0.176,0.68,190173.64,223386.38,11532.14,High,0,0,0,0,0.6801,429,1,0.9079,0.9079,0.03,141.81,33212.74,8602.33,0,Low,0,0,0.0,1180.5,1367.5
2025-05-14,SUP002,Beta Electronics,Vietnam,0.92,P002,Processors,Electronics,1005,629,1999,11,26,1,15,13.13,1864.08,0.089,0.626,15059.73,16317.09,6103.64,High,0,0,0,1,0.6259,376,1,0.5028,0.5028,0.08,14.98,1257.36,4239.56,15,High,0,0,1.67,880.0,1453.7
2025-05-14,SUP003,Gamma Semiconductors,Taiwan,0.89,P003,Memory Modules,Electronics,1248,1035,1982,13,13,0,0,30.97,4038.24,0.136,0.829,42688.8,48219.88,14739.99,Medium,0,0,0,0,0.8293,213,1,0.6297,0.6297,0.11,34.21,5531.08,10701.75,0,Low,0,0,0.0,1310.0,1429.0
2025-05-14,SUP005,Epsilon Tech,Malaysia,0.91,P004,Display Panels,Electronics,411,352,2262,6,6,0,0,83.61,3746.4,0.071,0.856,38110.11,40682.93,9565.28,Medium,1,0,0,0,0.8564,59,1,0.1817,0.1817,0.09,92.73,2572.82,5818.88,0,Low,0,0,0.0,439.0,644.0
2025-05-14,SUP007,Eta Systems,India,0.95,P005,Battery Cells,Energy,798,610,1777,7,7,0,0,99.02,4201.16,0.07,0.764,83219.12,88897.42,18156.13,Medium,0,0,0,0,0.7644,188,1,0.4491,0.4491,0.05,104.28,5678.3,13954.97,0,Low,0,0,0.0,821.5,809.0
2025-05-14,SUP001,Alpha Components,India,0.96,P006,Sensors,Electronics,809,1057,1835,4,4,0,0,125.18,3498.38,0.068,1.307,104769.0,111774.35,11735.55,Low,0,0,0,0,1.3066,-248,0,0.4409,0.4409,0.04,129.5,7005.35,8237.17,0,Low,9,1,4.5,1061.0,2378.5
2025-05-14,SUP004,Delta Manufacturing,China,0.94,P007,Power Modules,Electronics,578,1555,2396,9,9,0,0,23.0,3383.72,0.082,2.69,16677.72,17906.56,12264.05,Low,0,0,0,0,2.6903,-977,0,0.2412,0.2412,0.06,28.85,1228.84,8880.33,0,Low,0,0,5.5,777.5,454.5
2025-05-14,SUP008,Theta Components,Singapore,0.93,P008,Circuit Boards,Electronics,1266,771,1452,3,3,0,0,76.81,3894.14,0.143,0.609,101135.6,115319.56,11871.72,High,0,0,0,0,0.609,495,1,0.8719,0.8719,0.07,79.89,14183.96,7977.58,0,Low,0,0,0.0,1119.8,1160.5
2025-05-21,SUP006,Zeta Industrial,South Korea,0.97,P001,Microchips,Electronics,1062,2211,2203,9,9,0,0,123.58,3268.49,0.096,2.082,134510.45,147266.57,12678.93,Low,0,0,0,0,2.0819,-1149,0,0.4821,0.4821,0.03,126.66,12756.12,9410.44,0,Low,0,0,0.0,1234.0,1215.7
2025-05-21,SUP007,Eta Systems,India,0.95,P002,Processors,Electronics,780,1333,2286,6,6,0,0,82.62,2667.36,0.077,1.709,67110.96,72175.81,9186.87,Low,0,0,0,0,1.709,-553,0,0.3412,0.3412,0.05,86.04,5064.85,6519.51,0,Low,0,0,1.5,952.0,2389.0
2025-05-21,SUP002,Beta Electronics,Vietnam,0.92,P003,Memory Modules,Electronics,982,466,1585,11,11,0,0,115.96,1116.99,0.13,0.475,114989.71,129865.77,3587.34,High,0,0,0,0,0.4745,516,1,0.6196,0.6196,0.08,117.1,14876.06,2470.35,0,Low,0,0,0.0,949.0,676.0
2025-05-21,SUP004,Delta Manufacturing,China,0.94,P004,Display Panels,Electronics,641,1540,1692,9,9,0,0,45.75,3407.41,0.125,2.402,32733.16,36611.84,9093.28,Low,0,0,0,0,2.4025,-899,0,0.3788,0.3788,0.06,51.07,3878.68,5685.87,0,Low,0,0,0.0,727.0,629.0
2025-05-21,SUP008,Theta Components,Singapore,0.93,P005,Battery Cells,Energy,909,831,1645,9,9,0,0,95.2,4368.04,0.109,0.914,90904.84,100575.41,18977.38,Medium,0,0,0,0,0.9142,78,1,0.5526,0.5526,0.07,100.01,9670.57,14609.34,0,Low,0,0,0.0,727.0,1890.0
2025-05-21,SUP005,Epsilon Tech,Malaysia,0.91,P006,Sensors,Electronics,891,2361,1016,5,5,0,0,44.16,4283.92,0.056,2.65,43630.48,45953.84,18490.2,Medium,0,0,0,0,2.6498,-1470,0,0.877,0.877,0.09,48.97,2323.36,14206.28,0,Low,0,0,0.0,1096.5,1142.0
2025-05-21,SUP003,Gamma Semiconductors,Taiwan,0.89,P007,Power Modules,Electronics,702,1802,1758,10,10,0,0,17.46,2832.84,0.073,2.567,15089.76,16087.91,11354.16,Medium,0,0,0,0,2.567,-1100,0,0.3993,0.3993,0.11,21.5,998.15,8521.32,0,Low,0,0,0.0,550.0,888.0
2025-05-21,SUP001,Alpha Components,India,0.96,P008,Circuit Boards,Electronics,900,316,1507,4,4,0,0,121.9,974.15,0.055,0.351,110684.15,116744.99,4365.76,High,0,0,0,0,0.3511,584,1,0.5972,0.5972,0.04,122.98,6060.84,3391.61,0,Low,8,1,4.0,893.0,2108.0
2025-05-28,SUP002,Beta Electronics,Vietnam,0.92,P001,Microchips,Electronics,1190,893,1698,10,10,0,0,125.94,809.21,0.114,0.75,150677.81,167808.96,3725.69,Medium,0,0,0,0,0.7504,297,1,0.7008,0.7008,0.08,126.62,17131.15,2916.48,0,Low,0,0,0.0,1130.7,1290.3
2025-05-28,SUP001,Alpha Components,India,0.96,P002,Processors,Electronics,886,1239,1722,2,2,0,0,37.21,1046.24,0.142,1.398,34014.3,38770.05,5570.07,Low,0,0,0,0,1.3984,-353,0,0.5145,0.5145,0.04,38.39,4755.75,4523.83,0,Low,10,1,3.33,1111.0,2014.0
2025-05-28,SUP005,Epsilon Tech,Malaysia,0.91,P003,Memory Modules,Electronics,1177,798,1195,8,21,1,13,147.16,3208.47,0.137,0.678,176415.79,200364.97,14145.83,High,0,0,0,0,0.678,379,1,0.9849,0.9849,0.09,149.89,23949.18,10937.36,13,High,3,1,1.5,1217.0,919.5
2025-05-28,SUP008,Theta Components,Singapore,0.93,P004,Display Panels,Electronics,625,226,1622,3,3,0,0,60.85,2444.35,0.116,0.362,40475.6,45029.0,9504.74,High,0,1,0,0,0.3616,399,1,0.3853,0.3853,0.07,64.76,4553.4,7060.39,0,Low,0,0,0.0,781.5,1007.0
2025-05-28,SUP003,Gamma Semiconductors,Taiwan,0.89,P005,Battery Cells,Energy,813,778,2195,14,14,0,0,123.86,4376.16,0.177,0.957,105074.34,123285.21,18648.98,Medium,0,0,0,0,0.9569,35,1,0.3704,0.3704,0.11,129.24,18210.87,14272.82,0,Low,13,1,6.33,719.7,729.3
2025-05-28,SUP004,Delta Manufacturing,China,0.94,P006,Sensors,Electronics,1096,2711,2221,13,13,0,0,33.64,742.36,0.098,2.474,37611.8,41261.38,4216.96,Low,0,0,0,0,2.4735,-1615,0,0.4935,0.4935,0.06,34.32,3649.58,3474.6,0,Low,0,0,0.0,891.0,711.0
2025-05-28,SUP006,Zeta Industrial,South Korea,0.97,P007,Power Modules,Electronics,847,499,1869,8,8,0,0,77.35,1178.04,0.101,0.589,66693.49,73370.04,5099.6,High,0,0,0,0,0.5891,348,1,0.4532,0.4532,0.03,78.74,6676.55,3921.56,0,Low,0,0,0.0,727.5,657.5
2025-05-28,SUP007,Eta Systems,India,0.95,P008,Circuit Boards,Electronics,1495,1291,1909,6,20,1,14,98.35,3925.05,0.074,0.864,150958.3,161983.99,12928.94,High,0,0,0,0,0.8635,204,1,0.7831,0.7831,0.05,100.98,11025.69,9003.89,14,High,0,0,0.0,902.5,1306.2
2025-06-04,SUP007,Eta Systems,India,0.95,P001,Microchips,Electronics,1631,2518,2404,6,6,0,0,95.47,1346.11,0.103,1.544,157057.68,173165.3,7942.08,Low,0,0,0,0,1.5438,-887,0,0.6785,0.6785,0.05,96.3,16107.62,6595.97,0,Low,0,0,0.0,1425.0,1103.0
2025-06-04,SUP002,Beta Electronics,Vietnam,0.92,P002,Processors,Electronics,1147,1218,1433,6,17,1,11,144.05,2155.73,0.099,1.062,167381.08,183845.1,6323.42,High,0,0,0,0,1.0619,-71,0,0.8004,0.8004,0.08,145.93,16464.02,4167.69,11,High,15,1,5.0,911.2,1247.5
2025-06-04,SUP006,Zeta Industrial,South Korea,0.97,P003,Memory Modules,Electronics,1010,467,2224,9,9,0,0,133.84,3168.7,0.109,0.462,138347.1,153254.24,10905.46,High,0,0,0,0,0.4624,543,1,0.4541,0.4541,0.03,136.98,14907.14,7736.76,0,Low,0,0,1.25,1065.2,1545.2
2025-06-04,SUP008,Theta Components,Singapore,0.93,P004,Display Panels,Electronics,804,1304,1301,2,2,0,0,65.13,4434.18,0.127,1.622,56798.7,63730.56,16609.61,Low,0,0,0,0,1.6219,-500,0,0.618,0.618,0.07,70.65,6931.86,12175.43,0,Low,0,0,0.0,729.3,746.7
2025-06-04,SUP003,Gamma Semiconductors,Taiwan,0.89,P005,Battery Cells,Energy,1097,1198,2078,11,11,0,0,93.5,603.2,0.098,1.092,103172.7,113254.07,3349.37,Medium,0,0,0,0,1.0921,-101,0,0.5279,0.5279,0.11,94.05,10081.37,2746.17,0,Low,0,0,4.75,743.0,741.5
2025-06-04,SUP005,Epsilon Tech,Malaysia,0.91,P006,Sensors,Electronics,808,1809,2099,7,7,0,0,70.51,1163.54,0.099,2.239,58135.62,63833.45,4221.75,Medium,0,0,0,0,2.2389,-1001,0,0.3849,0.3849,0.09,71.95,5697.83,3058.21,0,Low,0,0,0.0,1028.0,1548.3
2025-06-04,SUP004,Delta Manufacturing,China,0.94,P007,Power Modules,Electronics,615,1407,2336,14,14,0,0,99.24,2395.62,0.145,2.288,63428.22,72451.63,9553.38,Low,0,0,0,0,2.2878,-792,0,0.2633,0.2633,0.06,103.14,9023.41,7157.76,0,Low,0,0,3.67,711.0,821.3
2025-06-04,SUP001,Alpha Components,India,0.96,P008,Circuit Boards,Electronics,877,759,1623,6,6,0,0,59.44,2005.3,0.054,0.865,54134.18,57003.28,5697.07,Medium,0,0,0,0,0.8655,118,1,0.5404,0.5404,0.04,61.73,2869.1,3691.77,0,Low,0,0,2.67,895.3,1510.7
2025-06-11,SUP002,Beta Electronics,Vietnam,0.92,P001,Microchips,Electronics,1225,1168,1746,10,10,0,0,69.8,4718.09,0.156,0.953,90223.09,103929.88,16956.15,Medium,0,0,0,0,0.9535,57,1,0.7016,0.7016,0.08,73.65,13706.79,12238.06,0,Low,0,0,0.0,1145.5,1191.0
2025-06-11,SUP004,Delta Manufacturing,China,0.94,P002,Processors,Electronics,844,1996,2209,9,9,0,0,30.56,3246.01,0.07,2.365,29038.65,30957.75,13372.05,Low,0,0,0,0,2.3649,-1152,0,0.3821,0.3821,0.06,34.41,1919.1,10126.04,0,Low,0,0,0.0,844.3,1118.0
2025-06-11,SUP008,Theta Components,Singapore,0.93,P003,Memory Modules,Electronics,1347,459,1971,7,16,1,9,43.07,4578.15,0.087,0.341,62593.44,67839.92,14110.1,High,0,0,0,0,0.3408,888,1,0.6834,0.6834,0.07,46.47,5246.48,9531.95,9,High,0,0,0.0,1184.7,1966.7
2025-06-11,SUP007,Eta Systems,India,0.95,P004,Display Panels,Electronics,604,302,1781,4,16,1,12,87.8,2056.64,0.097,0.5,55087.84,60331.61,8194.09,High,0,0,0,0,0.5,302,1,0.3391,0.3391,0.05,91.21,5243.77,6137.45,12,High,0,0,0.0,762.0,848.2
2025-06-11,SUP003,Gamma Semiconductors,Taiwan,0.89,P005,Battery Cells,Energy,798,2143,1671,16,16,0,0,63.87,4225.41,0.168,2.685,55193.67,64111.27,15327.92,Medium,0,0,0,0,2.6855,-1345,0,0.4776,0.4776,0.11,69.16,8917.6,11102.51,0,Low,0,0,4.75,897.2,855.5
2025-06-11,SUP001,Alpha Components,India,0.96,P006,Sensors,Electronics,720,655,1581,6,6,0,0,73.88,4874.02,0.141,0.91,58067.62,65911.54,13704.86,Medium,0,0,0,0,0.9097,65,1,0.4554,0.4554,0.04,80.65,7843.92,8830.84,0,Low,0,0,3.0,977.0,1938.0
2025-06-11,SUP006,Zeta Industrial,South Korea,0.97,P007,Power Modules,Electronics,677,523,1728,12,12,0,0,85.4,4912.33,0.084,0.773,62728.13,67790.98,14832.88,Medium,0,0,0,0,0.7725,154,1,0.3918,0.3918,0.03,92.66,5062.85,9920.55,0,Low,0,0,0.0,767.3,604.7
2025-06-11,SUP005,Epsilon Tech,Malaysia,0.91,P008,Circuit Boards,Electronics,1222,1397,1298,9,9,0,0,68.87,1134.32,0.15,1.143,85293.46,98002.4,4030.89,Medium,0,0,0,0,1.1432,-175,0,0.9414,0.9414,0.09,69.8,12708.94,2896.57,0,Low,0,0,0.0,1222.0,1397.0
2025-06-18,SUP001,Alpha Components,India,0.96,P001,Microchips,Electronics,1093,782,2070,2,2,0,0,44.72,1241.18,0.1,0.715,50120.14,55070.1,6432.89,Medium,0,0,0,0,0.7155,311,1,0.528,0.528,0.04,45.86,4949.96,5191.71,0,Low,0,0,0.0,1206.8,2316.0
2025-06-18,SUP002,Beta Electronics,Vietnam,0.92,P002,Processors,Electronics,925,2349,1943,14,14,0,0,114.6,3010.91,0.133,2.539,109015.91,123314.8,7501.83,Medium,0,0,0,0,2.5395,-1424,0,0.4761,0.4761,0.08,117.86,14298.89,4490.92,0,Low,11,1,7.75,1023.0,1126.8
2025-06-18,SUP007,Eta Systems,India,0.95,P003,Memory Modules,Electronics,843,785,2320,5,5,0,0,64.43,920.34,0.116,0.931,55234.83,61588.69,3167.79,Medium,0,0,0,0,0.9312,58,1,0.3634,0.3634,0.05,65.52,6353.86,2247.45,0,Low,0,0,0.0,843.0,785.0
2025-06-18,SUP006,Zeta Industrial,South Korea,0.97,P004,Display Panels,Electronics,407,818,1607,10,10,0,0,99.26,1381.28,0.185,2.01,41780.1,49381.65,4891.03,Low,1,0,0,0,2.0098,-411,0,0.2533,0.2533,0.03,102.65,7601.55,3509.75,0,Low,0,0,3.0,800.8,1181.2
2025-06-18,SUP004,Delta Manufacturing,China,0.94,P005,Battery Cells,Energy,853,809,1585,8,8,0,0,31.98,2781.73,0.14,0.948,30060.67,34074.44,6548.33,Medium,0,0,0,0,0.9484,44,1,0.5382,0.5382,0.06,35.24,4013.77,3766.6,0,Low,0,0,0.0,659.0,1023.5
2025-06-18,SUP005,Epsilon Tech,Malaysia,0.91,P006,Sensors,Electronics,959,1099,1989,12,12,0,0,79.74,4852.07,0.113,1.146,81322.73,90238.06,22113.46,Medium,0,0,0,0,1.146,-140,0,0.4822,0.4822,0.09,84.8,8915.33,17261.39,0,Low,0,0,0.0,973.0,1613.5
2025-06-18,SUP003,Gamma Semiconductors,Taiwan,0.89,P007,Power Modules,Electronics,768,734,2185,16,16,0,0,26.44,3590.87,0.064,0.956,23896.79,25311.28,8432.68,Medium,0,0,0,0,0.9557,34,1,0.3515,0.3515,0.11,31.12,1414.49,4841.81,0,Low,0,0,0.0,626.0,1345.0
2025-06-18,SUP008,Theta Components,Singapore,0.93,P008,Circuit Boards,Electronics,1821,2894,2365,2,2,0,0,84.79,3696.09,0.097,1.589,158098.68,173254.99,14897.81,Low,1,0,0,0,1.5892,-1073,0,0.77,0.77,0.07,86.82,15156.31,11201.72,0,Low,0,0,0.0,1205.8,974.5
2025-06-25,SUP007,Eta Systems,India,0.95,P001,Microchips,Electronics,1275,934,2185,3,3,0,0,42.06,1138.87,0.102,0.733,54765.37,60293.36,5988.04,Medium,0,0,0,0,0.7325,341,1,0.5835,0.5835,0.05,42.95,5527.99,4849.17,0,Low,0,0,0.0,1528.0,1810.5
2025-06-25,SUP008,Theta Components,Singapore,0.93,P002,Processors,Electronics,828,1897,2299,5,5,0,0,147.03,3353.64,0.069,2.291,125094.48,133610.3,12710.71,Low,0,0,0,0,2.2911,-1069,0,0.3602,0.3602,0.07,151.08,8515.82,9357.07,0,Low,0,0,0.0,902.8,1057.0
2025-06-25,SUP003,Gamma Semiconductors,Taiwan,0.89,P003,Memory Modules,Electronics,1047,1353,1155,13,23,1,10,18.32,846.85,0.101,1.292,20027.89,22007.94,4670.7,High,0,0,0,0,1.2923,-306,0,0.9065,0.9065,0.11,19.13,1980.05,3823.85,10,High,0,0,0.0,1279.0,1232.0
2025-06-25,SUP006,Zeta Industrial,South Korea,0.97,P004,Display Panels,Electronics,542,326,2314,10,10,0,0,141.24,4420.42,0.165,0.601,80972.5,93968.28,17404.03,High,0,0,0,0,0.6015,216,1,0.2342,0.2342,0.03,149.4,12995.78,12983.61,0,Low,0,0,3.0,723.0,1019.2
2025-06-25,SUP002,Beta Electronics,Vietnam,0.92,P005,Battery Cells,Energy,609,1324,2338,12,12,0,0,63.35,2207.76,0.084,2.174,40787.91,44121.37,6722.69,Medium,0,0,0,0,2.1741,-715,0,0.2605,0.2605,0.08,66.98,3333.46,4514.93,0,Low,0,0,0.0,774.3,1117.7
2025-06-25,SUP005,Epsilon Tech,Malaysia,0.91,P006,Sensors,Electronics,1241,591,1736,13,13,0,0,26.1,3684.6,0.196,0.476,36074.7,42784.25,16479.75,High,0,0,0,0,0.4762,650,1,0.7149,0.7149,0.09,29.07,6709.55,12795.15,0,Low,0,0,0.0,970.5,1678.5
2025-06-25,SUP001,Alpha Components,India,0.96,P007,Power Modules,Electronics,783,1779,1672,4,4,0,0,83.64,3357.9,0.117,2.272,68848.02,76706.8,8728.88,Low,0,0,0,0,2.272,-996,0,0.4683,0.4683,0.04,87.93,7858.78,5370.98,0,Low,0,0,0.0,623.0,898.0
2025-06-25,SUP004,Delta Manufacturing,China,0.94,P008,Circuit Boards,Electronics,1475,1052,2310,6,6,0,0,50.78,3192.61,0.095,0.713,78093.11,85360.31,11164.07,Medium,0,0,0,0,0.7132,423,1,0.6385,0.6385,0.06,52.94,7267.2,7971.46,0,Low,0,0,2.33,1169.7,1068.0
2025-07-02,SUP007,Eta Systems,India,0.95,P001,Microchips,Electronics,1436,2771,2486,7,7,0,0,12.92,3122.63,0.199,1.93,21675.75,25678.52,14592.78,Low,0,0,0,0,1.9297,-1335,0,0.5776,0.5776,0.05,15.09,4002.77,11470.15,0,Low,0,0,0.0,1443.7,1518.3
2025-07-02,SUP001,Alpha Components,India,0.96,P002,Processors,Electronics,874,1790,1803,2,2,0,0,82.58,646.91,0.18,2.048,72821.83,85871.54,3391.96,Low,0,0,0,0,2.0481,-916,0,0.4847,0.4847,0.04,83.32,13049.71,2745.05,0,Low,0,0,2.5,1054.8,1820.2
2025-07-02,SUP002,Beta Electronics,Vietnam,0.92,P003,Memory Modules,Electronics,807,639,1542,14,14,0,0,31.41,1267.62,0.192,0.792,26615.49,31603.97,5398.13,Medium,0,0,0,0,0.7918,168,1,0.5233,0.5233,0.08,32.98,4988.48,4130.51,0,Low,0,0,0.0,960.0,606.0
2025-07-02,SUP005,Epsilon Tech,Malaysia,0.91,P004,Display Panels,Electronics,578,711,1131,7,7,0,0,77.25,3435.01,0.193,1.23,48085.51,57034.53,12357.5,Medium,0,0,0,0,1.2301,-133,0,0.5111,0.5111,0.09,83.19,8949.02,8922.49,0,Low,0,0,0.0,425.0,498.0
2025-07-02,SUP006,Zeta Industrial,South Korea,0.97,P005,Battery Cells,Energy,983,942,2210,7,7,0,0,75.09,705.42,0.071,0.958,74518.89,79784.69,4153.93,Medium,0,0,0,0,0.9583,41,1,0.4448,0.4448,0.03,75.81,5265.8,3448.51,0,Low,0,0,0.0,724.0,800.7
2025-07-02,SUP008,Theta Components,Singapore,0.93,P006,Sensors,Electronics,792,1443,1852,9,9,0,0,37.39,2824.58,0.051,1.822,32437.46,34019.74,6188.45,Low,0,0,0,0,1.822,-651,0,0.4276,0.4276,0.07,40.96,1582.28,3363.87,0,Low,4,1,2.0,1069.0,878.5
2025-07-02,SUP003,Gamma Semiconductors,Taiwan,0.89,P007,Power Modules,Electronics,542,241,1403,14,14,0,0,39.03,2285.59,0.057,0.445,23439.85,24710.78,6843.99,High,0,1,0,0,0.4446,301,1,0.3863,0.3863,0.11,43.25,1270.93,4558.4,0,Low,0,0,0.0,673.3,1141.3
2025-07-02,SUP004,Delta Manufacturing,China,0.94,P008,Circuit Boards,Electronics,1616,3119,2068,12,12,0,0,12.21,3539.39,0.057,1.93,23270.75,24496.31,14067.44,Low,0,0,0,0,1.9301,-1503,0,0.7814,0.7814,0.06,14.4,1225.56,10528.05,0,Low,0,0,1.75,1246.0,1064.0
2025-07-09,SUP002,Beta Electronics,Vietnam,0.92,P001,Microchips,Electronics,908,1380,2491,12,12,0,0,110.44,4382.96,0.05,1.52,104662.48,109786.03,17475.44,Medium,0,0,0,0,1.5198,-472,0,0.3645,0.3645,0.08,115.27,5123.55,13092.48,0,Low,0,0,0.0,1098.2,1229.5
2025-07-09,SUP008,Theta Components,Singapore,0.93,P002,Processors,Electronics,873,1885,2089,6,6,0,0,67.49,3880.3,0.061,2.159,62799.07,66511.46,9068.81,Low,0,0,0,0,2.1592,-1012,0,0.4179,0.4179,0.07,71.93,3712.39,5188.51,0,Low,0,0,0.0,891.0,1351.2
2025-07-09,SUP007,Eta Systems,India,0.95,P003,Memory Modules,Electronics,904,788,1401,3,3,0,0,27.72,1020.82,0.073,0.872,26079.7,27946.26,4027.46,Medium,0,0,0,0,0.8717,116,1,0.6453,0.6453,0.05,28.85,1866.56,3006.64,0,Low,0,0,0.0,843.0,785.0
2025-07-09,SUP006,Zeta Industrial,South Korea,0.97,P004,Display Panels,Electronics,913,1140,1486,6,6,0,0,83.61,2519.84,0.063,1.249,78855.77,83744.31,9110.37,Low,0,0,0,0,1.2486,-227,0,0.6144,0.6144,0.03,86.37,4888.54,6590.53,0,Low,0,0,0.0,643.8,624.2
2025-07-09,SUP003,Gamma Semiconductors,Taiwan,0.89,P005,Battery Cells,Energy,973,813,1048,10,17,1,7,106.33,2434.69,0.151,0.836,105893.78,121699.92,7411.63,High,0,0,0,0,0.8356,160,1,0.9284,0.9284,0.11,108.83,15806.14,4976.94,7,High,0,0,3.25,922.8,1263.8
2025-07-09,SUP004,Delta Manufacturing,China,0.94,P006,Sensors,Electronics,729,592,2411,8,8,0,0,138.16,2439.43,0.098,0.812,103158.07,113148.03,8934.41,Medium,0,0,0,0,0.8121,137,1,0.3024,0.3024,0.06,141.51,9989.96,6494.98,0,Low,0,0,0.0,959.3,1377.7
2025-07-09,SUP001,Alpha Components,India,0.96,P007,Power Modules,Electronics,812,1790,1617,3,3,0,0,69.14,1141.67,0.184,2.204,57283.35,67718.45,4002.84,Low,0,0,0,0,2.2044,-978,0,0.5022,0.5022,0.04,70.55,10435.1,2861.17,0,Low,0,0,0.0,676.3,1191.7
2025-07-09,SUP005,Epsilon Tech,Malaysia,0.91,P008,Circuit Boards,Electronics,1713,1235,2031,14,14,0,0,104.15,3226.01,0.105,0.721,181634.96,200537.27,11745.59,Medium,0,0,0,0,0.721,478,1,0.8434,0.8434,0.09,106.03,18902.31,8519.58,0,Low,0,0,0.0,1222.0,1397.0
2025-07-16,SUP003,Gamma Semiconductors,Taiwan,0.89,P001,Microchips,Electronics,1175,3157,2442,13,21,1,8,139.44,2363.68,0.109,2.687,166205.68,184193.28,7465.59,High,0,0,0,0,2.6868,-1982,0,0.4812,0.4812,0.11,141.45,17987.6,5101.91,8,High,0,0,3.75,1284.5,2006.5
2025-07-16,SUP006,Zeta Industrial,South Korea,0.97,P002,Processors,Electronics,794,500,1641,10,10,0,0,52.58,4497.82,0.14,0.63,46246.34,52405.98,18986.15,High,0,0,0,0,0.6297,294,1,0.4839,0.4839,0.03,58.24,6159.64,14488.33,0,Low,0,0,0.0,935.0,1945.0
2025-07-16,SUP002,Beta Electronics,Vietnam,0.92,P003,Memory Modules,Electronics,876,1473,1258,11,11,0,0,29.89,2991.7,0.131,1.682,29175.34,32801.35,12826.99,Medium,0,0,0,0,1.6815,-597,0,0.6963,0.6963,0.08,33.31,3626.01,9835.29,0,Low,0,0,0.0,921.8,614.2
2025-07-16,SUP005,Epsilon Tech,Malaysia,0.91,P004,Display Panels,Electronics,753,986,2439,8,8,0,0,46.38,4848.88,0.134,1.309,39773.02,44777.73,14177.99,Medium,0,0,0,0,1.3094,-233,0,0.3087,0.3087,0.09,52.82,5004.71,9329.11,0,Low,0,0,0.0,476.0,569.0
2025-07-16,SUP008,Theta Components,Singapore,0.93,P005,Battery Cells,Energy,679,636,1582,5,5,0,0,149.13,4461.42,0.144,0.937,105720.69,120623.25,15438.25,Medium,0,0,1,0,0.9367,43,1,0.4292,0.4292,0.07,155.7,14902.56,10976.83,0,Low,0,0,0.0,818.0,1360.5
2025-07-16,SUP004,Delta Manufacturing,China,0.94,P006,Sensors,Electronics,864,615,2198,6,6,0,0,136.79,1095.68,0.139,0.712,119282.24,135786.32,4869.78,Medium,0,0,0,0,0.7118,249,1,0.3931,0.3931,0.06,138.06,16504.08,3774.1,0,Low,0,0,0.0,901.8,1181.2
2025-07-16,SUP007,Eta Systems,India,0.95,P007,Power Modules,Electronics,546,325,2363,5,15,1,10,47.16,4446.91,0.192,0.595,30196.27,35567.05,10517.41,High,0,0,0,0,0.5952,221,1,0.2311,0.2311,0.05,55.3,5370.78,6070.5,10,High,0,0,0.0,546.0,325.0
2025-07-16,SUP001,Alpha Components,India,0.96,P008,Circuit Boards,Electronics,1419,2641,2247,3,3,0,0,82.19,3032.2,0.116,1.861,119659.81,133364.48,13240.74,Low,0,0,0,0,1.8612,-1222,0,0.6315,0.6315,0.04,84.33,13704.67,10208.54,0,Low,0,0,2.0,890.8,1322.8
2025-07-23,SUP005,Epsilon Tech,Malaysia,0.91,P001,Microchips,Electronics,881,2060,1603,7,7,0,0,75.66,4982.55,0.059,2.338,71639.01,75718.73,10733.49,Medium,0,0,1,0,2.3383,-1179,0,0.5496,0.5496,0.09,81.32,4079.72,5750.94,0,Low,0,0,0.0,1196.5,1642.0
2025-07-23,SUP004,Delta Manufacturing,China,0.94,P002,Processors,Electronics,696,473,1642,12,20,1,8,105.66,3752.18,0.154,0.68,77291.54,88905.52,8973.11,High,0,0,0,0,0.6796,223,1,0.4239,0.4239,0.06,111.05,11613.98,5220.93,8,High,0,0,0.0,844.2,1337.5
2025-07-23,SUP007,Eta Systems,India,0.95,P003,Memory Modules,Electronics,1003,915,1393,7,7,0,0,9.26,4990.19,0.152,0.912,14277.97,16068.97,20350.72,Medium,0,0,1,0,0.9123,88,1,0.72,0.72,0.05,14.24,1791.0,15360.53,0,Low,0,0,0.0,873.5,786.5
2025-07-23,SUP006,Zeta Industrial,South Korea,0.97,P004,Display Panels,Electronics,464,520,1124,10,10,0,0,117.19,3463.43,0.165,1.121,57839.59,67097.39,14156.74,Low,0,0,0,0,1.1207,-56,0,0.4128,0.4128,0.03,124.65,9257.8,10693.31,0,Low,0,0,0.0,696.0,774.5
2025-07-23,SUP008,Theta Components,Singapore,0.93,P005,Battery Cells,Energy,503,750,2388,5,5,0,0,17.37,2069.69,0.067,1.491,10806.8,11461.52,8958.18,Low,0,0,0,0,1.4911,-247,0,0.2106,0.2106,0.07,21.48,654.72,6888.49,0,Low,0,0,0.0,771.7,1119.0
2025-07-23,SUP001,Alpha Components,India,0.96,P006,Sensors,Electronics,989,1893,1544,3,3,0,0,79.09,4075.32,0.156,1.914,82295.33,94815.53,8923.97,Low,0,0,0,0,1.9141,-904,0,0.6405,0.6405,0.04,83.21,12520.2,4848.65,0,Low,0,0,2.25,912.8,1617.2
2025-07-23,SUP002,Beta Electronics,Vietnam,0.92,P007,Power Modules,Electronics,512,393,1383,12,12,0,0,49.54,1185.48,0.09,0.768,26549.96,28886.11,3156.48,Medium,0,0,0,0,0.7676,119,1,0.3702,0.3702,0.08,51.86,2336.15,1971.0,0,Low,0,0,0.0,779.5,1142.8
2025-07-23,SUP003,Gamma Semiconductors,Taiwan,0.89,P008,Circuit Boards,Electronics,1120,3039,1932,14,14,0,0,67.09,3918.25,0.078,2.713,79059.05,85072.84,16398.07,Medium,0,0,0,0,2.7134,-1919,0,0.5797,0.5797,0.11,70.59,6013.79,12479.82,0,Low,6,1,6.0,1371.0,1617.0
2025-07-30,SUP001,Alpha Components,India,0.96,P001,Microchips,Electronics,977,770,1911,7,7,0,0,25.03,4625.56,0.158,0.788,29079.87,33309.07,13992.06,Medium,0,0,0,0,0.7881,207,1,0.5113,0.5113,0.04,29.76,4229.2,9366.5,0,Low,0,0,0.0,1179.5,2092.0
2025-07-30,SUP003,Gamma Semiconductors,Taiwan,0.89,P002,Processors,Electronics,839,1899,1849,10,10,0,0,53.1,500.61,0.127,2.263,45051.51,50741.26,2143.95,Medium,0,0,0,0,2.2634,-1060,0,0.4538,0.4538,0.11,53.7,5689.75,1643.34,0,Low,13,1,13.0,692.0,393.0
2025-07-30,SUP007,Eta Systems,India,0.95,P003,Memory Modules,Electronics,1093,689,1408,2,2,0,0,141.54,872.22,0.19,0.63,155575.44,185051.91,4606.6,High,0,0,0,0,0.6304,404,1,0.7763,0.7763,0.05,142.34,29476.47,3734.38,0,Low,0,0,0.0,916.7,829.3
2025-07-30,SUP005,Epsilon Tech,Malaysia,0.91,P004,Display Panels,Electronics,536,1387,1427,6,6,0,0,137.21,2197.93,0.195,2.588,75742.49,90297.98,5515.64,Medium,0,0,0,0,2.5877,-851,0,0.3756,0.3756,0.09,141.31,14555.49,3317.71,0,Low,0,0,0.0,545.2,673.2
2025-07-30,SUP006,Zeta Industrial,South Korea,0.97,P005,Battery Cells,Energy,617,1529,2028,12,21,1,9,44.1,4439.8,0.077,2.478,31649.5,33915.58,11695.5,High,0,0,0,0,2.4781,-912,0,0.3042,0.3042,0.03,51.3,2266.08,7255.7,9,High,0,0,0.0,788.8,836.0
2025-07-30,SUP004,Delta Manufacturing,China,0.94,P006,Sensors,Electronics,1151,1693,1630,9,9,0,0,99.47,716.84,0.104,1.471,115206.81,127151.04,4951.35,Low,0,0,0,0,1.4709,-542,0,0.7061,0.7061,0.06,100.09,11944.23,4234.51,0,Low,0,0,0.0,870.2,1144.8
2025-07-30,SUP008,Theta Components,Singapore,0.93,P007,Power Modules,Electronics,540,411,2478,7,7,0,0,8.41,4365.31,0.078,0.761,8906.71,9431.19,14518.24,Medium,0,0,0,0,0.7611,129,1,0.2179,0.2179,0.07,16.49,524.48,10152.93,0,Low,0,0,0.0,797.5,1340.5
2025-07-30,SUP002,Beta Electronics,Vietnam,0.92,P008,Circuit Boards,Electronics,1697,1616,2124,11,11,0,0,38.64,3550.16,0.141,0.952,69122.24,78618.19,10951.09,Medium,0,0,0,0,0.9523,81,1,0.799,0.799,0.08,40.73,9495.95,7400.93,0,Low,6,1,6.0,1796.0,652.0
2025-08-06,SUP001,Alpha Components,India,0.96,P001,Microchips,Electronics,948,1278,2039,5,5,0,0,14.11,3500.9,0.173,1.348,16877.18,19494.1,14593.53,Low,0,0,0,0,1.3481,-330,0,0.4649,0.4649,0.04,17.8,2616.92,11092.63,0,Low,0,0,0.0,1221.8,1776.0
2025-08-06,SUP005,Epsilon Tech,Malaysia,0.91,P002,Processors,Electronics,602,580,1557,5,11,1,6,142.74,641.4,0.16,0.963,86570.88,100370.91,3083.06,High,0,0,0,0,0.9635,22,1,0.3866,0.3866,0.09,143.81,13800.03,2441.66,6,High,0,0,0.0,1040.5,848.5
2025-08-06,SUP006,Zeta Industrial,South Korea,0.97,P003,Memory Modules,Electronics,1335,3586,1775,9,9,0,0,116.25,2547.14,0.09,2.686,157740.89,171822.95,7526.92,Low,0,0,0,0,2.6861,-2251,0,0.7521,0.7521,0.03,118.16,14082.06,4979.78,0,Low,0,0,1.25,1115.8,1478.0
2025-08-06,SUP008,Theta Components,Singapore,0.93,P004,Display Panels,Electronics,901,1091,1274,7,7,0,0,55.16,2038.12,0.161,1.211,51737.28,59902.91,6529.18,Low,0,0,0,0,1.2109,-190,0,0.7072,0.7072,0.07,57.42,8165.63,4491.06,0,Low,0,0,0.0,748.0,886.0
2025-08-06,SUP003,Gamma Semiconductors,Taiwan,0.89,P005,Battery Cells,Energy,411,888,2551,14,14,0,0,128.28,606.18,0.185,2.161,53329.26,63139.1,3122.65,Medium,1,0,0,0,2.1606,-477,0,0.1611,0.1611,0.11,129.75,9809.84,2516.47,0,Low,7,1,1.75,920.2,1233.0
2025-08-06,SUP002,Beta Electronics,Vietnam,0.92,P006,Sensors,Electronics,1155,910,2268,8,8,0,0,141.11,3214.81,0.121,0.788,166196.86,186112.18,8566.02,Medium,0,0,0,0,0.7879,245,1,0.5093,0.5093,0.08,143.89,19915.32,5351.21,0,Low,3,1,8.5,924.5,757.5
2025-08-06,SUP004,Delta Manufacturing,China,0.94,P007,Power Modules,Electronics,503,1194,2327,9,9,0,0,144.71,840.22,0.105,2.374,73629.35,81316.32,2617.64,Low,0,0,0,0,2.3738,-691,0,0.2162,0.2162,0.06,146.38,7686.97,1777.42,0,Low,0,0,2.75,687.0,967.8
2025-08-06,SUP007,Eta Systems,India,0.95,P008,Circuit Boards,Electronics,1161,1801,1225,4,4,0,0,123.18,3361.8,0.108,1.551,146373.78,162000.61,13103.96,Low,0,0,0,0,1.5512,-640,0,0.9478,0.9478,0.05,126.08,15626.83,9742.16,0,Low,14,1,3.5,1066.2,1162.5
2025-08-13,SUP002,Beta Electronics,Vietnam,0.92,P001,Microchips,Electronics,1288,482,1885,10,10,0,0,40.7,700.54,0.112,0.374,53122.14,59032.59,4527.01,High,0,0,0,0,0.3742,806,1,0.6833,0.6833,0.08,41.24,5910.45,3826.47,0,Low,0,0,0.0,1102.2,1406.0
2025-08-13,SUP005,Epsilon Tech,Malaysia,0.91,P002,Processors,Electronics,1122,1272,2167,9,9,0,0,116.04,2960.87,0.077,1.134,133157.75,143296.9,10654.36,Medium,0,0,0,0,1.1337,-150,0,0.5178,0.5178,0.09,118.68,10139.15,7693.49,0,Low,6,1,2.0,894.3,759.0
2025-08-13,SUP003,Gamma Semiconductors,Taiwan,0.89,P003,Memory Modules,Electronics,1317,3386,2333,13,13,0,0,147.33,4069.14,0.178,2.571,198102.75,233002.89,12902.3,Medium,0,0,0,0,2.571,-2069,0,0.5645,0.5645,0.11,150.42,34900.14,8833.16,0,Low,10,1,3.33,1201.7,1272.3
2025-08-13,SUP008,Theta Components,Singapore,0.93,P004,Display Panels,Electronics,671,1839,1679,9,9,0,0,82.2,1486.03,0.119,2.741,56642.23,63294.24,6802.06,Low,0,0,0,0,2.7407,-1168,0,0.3996,0.3996,0.07,84.41,6652.01,5316.03,0,Low,0,0,0.0,794.5,884.8
2025-08-13,SUP006,Zeta Industrial,South Korea,0.97,P005,Battery Cells,Energy,553,1262,2383,10,10,0,0,144.34,2846.57,0.197,2.282,82666.59,98671.52,10984.7,Low,0,0,0,0,2.2821,-709,0,0.2321,0.2321,0.03,149.49,16004.93,8138.13,0,Low,9,1,2.25,755.8,985.8
2025-08-13,SUP004,Delta Manufacturing,China,0.94,P006,Sensors,Electronics,707,1013,1677,6,6,0,0,118.95,4820.76,0.165,1.433,88918.41,103192.23,19918.51,Low,0,0,0,0,1.4328,-306,0,0.4216,0.4216,0.06,125.77,14273.82,15097.75,0,Low,0,0,0.0,960.0,1402.8
2025-08-13,SUP007,Eta Systems,India,0.95,P007,Power Modules,Electronics,920,1527,1273,5,5,0,0,98.08,1499.34,0.098,1.66,91732.94,100649.3,7676.25,Low,0,0,0,0,1.6598,-607,0,0.7227,0.7227,0.05,99.71,8916.36,6176.91,0,Low,10,1,10.0,546.0,325.0
2025-08-13,SUP001,Alpha Components,India,0.96,P008,Circuit Boards,Electronics,1589,1298,2112,5,5,0,0,24.83,1799.98,0.11,0.817,41254.85,45693.88,11168.72,Medium,0,0,0,0,0.8169,291,1,0.7524,0.7524,0.04,25.96,4439.03,9368.74,0,Low,0,0,2.0,1001.5,1469.0
2025-08-20,SUP004,Delta Manufacturing,China,0.94,P001,Microchips,Electronics,1474,4034,2091,9,9,0,0,67.02,4312.72,0.185,2.737,103100.2,121774.81,20472.33,Low,0,0,0,0,2.7368,-2560,0,0.7049,0.7049,0.06,69.95,18674.61,16159.61,0,Low,0,0,1.5,902.0,1722.5
2025-08-20,SUP002,Beta Electronics,Vietnam,0.92,P002,Processors,Electronics,815,580,1514,6,6,0,0,131.08,1771.15,0.193,0.712,108601.35,129390.49,7009.17,Medium,0,0,0,0,0.7117,235,1,0.5383,0.5383,0.08,133.25,20789.14,5238.02,0,Low,0,0,6.5,955.0,1200.5
2025-08-20,SUP006,Zeta Industrial,South Korea,0.97,P003,Memory Modules,Electronics,898,1342,1687,9,9,0,0,136.33,4306.32,0.11,1.494,126730.66,140434.18,17645.03,Low,0,0,0,0,1.4944,-444,0,0.5323,0.5323,0.03,141.13,13703.52,13338.71,0,Low,0,0,1.25,1237.8,2176.8
2025-08-20,SUP003,Gamma Semiconductors,Taiwan,0.89,P004,Display Panels,Electronics,483,656,2422,10,10,0,0,92.32,647.64,0.145,1.358,45238.2,51750.79,2428.98,Medium,0,0,0,0,1.3582,-173,0,0.1994,0.1994,0.11,93.66,6512.59,1781.34,0,Low,0,0,0.0,581.7,1012.0
2025-08-20,SUP007,Eta Systems,India,0.95,P005,Battery Cells,Energy,820,513,1906,6,6,0,0,117.89,2086.71,0.174,0.626,98756.51,115758.6,7728.41,High,0,0,0,0,0.6256,307,1,0.4302,0.4302,0.05,120.43,17002.09,5641.7,0,Low,0,0,0.0,813.7,742.7
2025-08-20,SUP005,Epsilon Tech,Malaysia,0.91,P006,Sensors,Electronics,880,854,2271,8,8,0,0,8.0,2374.55,0.128,0.97,9414.55,10467.64,6750.01,Medium,0,0,0,0,0.9705,26,1,0.3875,0.3875,0.09,10.7,1053.09,4375.46,0,Low,0,0,0.0,974.8,1465.0
2025-08-20,SUP001,Alpha Components,India,0.96,P007,Power Modules,Electronics,890,701,2114,4,4,0,0,15.37,1360.03,0.097,0.788,15039.33,16432.18,6581.7,Medium,0,0,0,0,0.7876,189,1,0.421,0.421,0.04,16.9,1392.85,5221.67,0,Low,0,0,0.0,710.2,1341.2
2025-08-20,SUP008,Theta Components,Singapore,0.93,P008,Circuit Boards,Electronics,1105,1594,1801,4,4,0,0,60.67,4558.73,0.171,1.443,71599.08,83452.75,21336.17,Low,0,0,0,0,1.4425,-489,0,0.6135,0.6135,0.07,64.8,11853.67,16777.44,0,Low,0,0,0.0,1391.2,1433.5
2025-08-27,SUP002,Beta Electronics,Vietnam,0.92,P001,Microchips,Electronics,1598,2066,2435,14,14,0,0,97.24,2668.4,0.104,1.293,158057.92,174357.19,13995.29,Medium,0,0,0,0,1.2929,-468,0,0.6563,0.6563,0.08,98.91,16299.27,11326.89,0,Low,0,0,0.0,1152.8,980.8
2025-08-27,SUP007,Eta Systems,India,0.95,P002,Processors,Electronics,1184,2802,2116,2,2,0,0,146.08,2519.66,0.074,2.367,175478.38,188370.55,6983.53,Low,0,0,0,0,2.3666,-1618,0,0.5595,0.5595,0.05,148.21,12892.17,4463.87,0,Low,0,0,1.0,894.7,2037.0
2025-08-27,SUP003,Gamma Semiconductors,Taiwan,0.89,P003,Memory Modules,Electronics,997,365,2024,14,14,0,0,46.92,4131.82,0.079,0.366,50911.06,54769.83,12360.72,High,0,0,0,0,0.3661,632,1,0.4926,0.4926,0.11,51.06,3858.77,8228.9,0,Low,0,0,2.5,1230.5,1800.8
2025-08-27,SUP004,Delta Manufacturing,China,0.94,P004,Display Panels,Electronics,707,1575,1444,12,12,0,0,52.3,2671.25,0.126,2.228,39647.35,44474.63,8959.25,Low,0,0,0,0,2.2277,-868,0,0.4896,0.4896,0.06,56.08,4827.28,6288.0,0,Low,0,0,0.0,684.0,1084.5
2025-08-27,SUP001,Alpha Components,India,0.96,P005,Battery Cells,Energy,768,935,2350,7,7,0,0,145.78,2469.48,0.085,1.217,114428.52,124049.99,10331.99,Low,0,0,0,0,1.2174,-167,0,0.3268,0.3268,0.04,149.0,9621.47,7862.51,0,Low,0,0,0.0,905.0,1289.0
2025-08-27,SUP008,Theta Components,Singapore,0.93,P006,Sensors,Electronics,867,685,1438,9,9,0,0,33.45,4100.02,0.133,0.79,33101.17,37230.97,12320.44,Medium,0,0,0,0,0.7901,182,1,0.6029,0.6029,0.07,38.18,4129.8,8220.42,0,Low,0,0,1.33,976.7,1066.7
2025-08-27,SUP006,Zeta Industrial,South Korea,0.97,P007,Power Modules,Electronics,957,756,2212,12,12,0,0,123.93,2756.82,0.061,0.79,121357.83,128676.57,9331.91,Medium,0,0,0,0,0.79,201,1,0.4326,0.4326,0.03,126.81,7318.74,6575.09,0,Low,0,0,0.0,744.8,584.2
2025-08-27,SUP005,Epsilon Tech,Malaysia,0.91,P008,Circuit Boards,Electronics,1814,2600,2308,11,14,1,3,10.81,2258.07,0.079,1.433,21867.41,23505.74,10653.56,High,1,0,0,0,1.4333,-786,0,0.786,0.786,0.09,12.05,1638.33,8395.49,3,Medium,0,0,0.0,1467.5,1316.0
2025-09-03,SUP006,Zeta Industrial,South Korea,0.97,P001,Microchips,Electronics,1117,1004,1149,10,19,1,9,142.11,3387.8,0.151,0.899,162124.67,186349.72,12689.36,High,0,0,0,0,0.8988,113,1,0.9721,0.9721,0.03,145.14,24225.05,9301.56,9,High,0,0,0.0,1191.0,1464.5
2025-09-03,SUP007,Eta Systems,India,0.95,P002,Processors,Electronics,952,1121,1327,6,6,0,0,141.66,4616.29,0.052,1.178,139476.61,146609.37,15643.51,Low,0,0,0,0,1.1775,-169,0,0.7174,0.7174,0.05,146.51,7132.76,11027.22,0,Low,0,0,0.75,967.0,2228.2
2025-09-03,SUP003,Gamma Semiconductors,Taiwan,0.89,P003,Memory Modules,Electronics,1121,3041,1538,10,10,0,0,108.05,2402.28,0.102,2.713,123526.33,136003.5,8181.91,Medium,0,0,0,0,2.7128,-1920,0,0.7289,0.7289,0.11,110.19,12477.17,5779.63,0,Low,0,0,2.5,1152.2,1534.8
2025-09-03,SUP002,Beta Electronics,Vietnam,0.92,P004,Display Panels,Electronics,497,975,1407,11,11,0,0,93.72,846.41,0.061,1.962,47425.25,50292.37,4174.87,Medium,0,0,0,0,1.9618,-478,0,0.3532,0.3532,0.08,95.42,2867.12,3328.46,0,Low,0,0,0.0,855.0,1969.0
2025-09-03,SUP008,Theta Components,Singapore,0.93,P005,Battery Cells,Energy,547,398,2231,3,3,0,0,10.15,4842.57,0.088,0.728,10394.62,11096.27,17700.31,Medium,0,0,0,0,0.7276,149,1,0.2452,0.2452,0.07,19.0,701.65,12857.74,0,Low,0,0,0.0,704.5,1026.8
2025-09-03,SUP004,Delta Manufacturing,China,0.94,P006,Sensors,Electronics,1259,1809,1944,7,7,0,0,142.44,976.58,0.073,1.437,180308.54,193435.42,6622.06,Low,0,0,0,0,1.4369,-550,0,0.6476,0.6476,0.06,143.22,13126.88,5645.48,0,Low,0,0,0.0,862.8,978.2
2025-09-03,SUP001,Alpha Components,India,0.96,P007,Power Modules,Electronics,547,1145,2390,7,7,0,0,65.96,569.28,0.137,2.093,36649.4,41631.37,2286.94,Low,0,0,0,0,2.0932,-598,0,0.2289,0.2289,0.04,67.0,4981.97,1717.66,0,Low,0,0,0.0,796.0,1312.8
2025-09-03,SUP005,Epsilon Tech,Malaysia,0.91,P008,Circuit Boards,Electronics,845,1162,1617,9,13,1,4,113.48,1971.7,0.184,1.375,97862.3,115687.57,5816.09,High,0,0,0,0,1.3751,-317,0,0.5226,0.5226,0.09,115.81,17825.27,3844.39,4,High,3,1,1.0,1583.0,1744.0
2025-09-10,SUP002,Beta Electronics,Vietnam,0.92,P001,Microchips,Electronics,1047,2215,2059,7,7,0,0,20.98,1396.72,0.182,2.116,23362.78,27487.7,6058.98,Medium,0,0,0,0,2.1156,-1168,0,0.5085,0.5085,0.08,22.31,4124.92,4662.26,0,Low,0,0,0.0,1254.8,1274.0
2025-09-10,SUP006,Zeta Industrial,South Korea,0.97,P002,Processors,Electronics,1124,875,1836,13,13,0,0,58.39,2411.47,0.082,0.778,68041.83,73522.39,9923.19,Medium,0,0,0,0,0.7785,249,1,0.6122,0.6122,0.03,60.54,5480.56,7511.72,0,Low,0,0,0.0,864.5,1222.5
2025-09-10,SUP001,Alpha Components,India,0.96,P003,Memory Modules,Electronics,1103,2657,2002,4,4,0,0,48.23,4040.46,0.11,2.409,57238.15,63312.12,13775.55,Low,0,0,0,0,2.4089,-1554,0,0.5509,0.5509,0.04,51.89,6073.97,9735.09,0,Low,0,0,0.0,1128.3,1980.3
2025-09-10,SUP003,Gamma Semiconductors,Taiwan,0.89,P004,Display Panels,Electronics,893,679,1489,12,12,0,0,46.18,2158.02,0.184,0.76,43396.76,51183.23,9283.92,Medium,0,0,0,0,0.7604,214,1,0.5997,0.5997,0.11,48.6,7786.47,7125.9,0,Low,0,0,0.0,557.0,923.0
2025-09-10,SUP005,Epsilon Tech,Malaysia,0.91,P005,Battery Cells,Energy,844,2075,1362,11,11,0,0,100.2,4713.26,0.06,2.459,89282.06,94497.59,19027.38,Medium,0,0,0,0,2.4585,-1231,0,0.6197,0.6197,0.09,105.78,5215.53,14314.12,0,Low,0,0,2.75,581.8,755.0
2025-09-10,SUP004,Delta Manufacturing,China,0.94,P006,Sensors,Electronics,838,730,2408,12,20,1,8,12.02,1445.13,0.092,0.871,11517.89,12511.06,5926.45,High,0,0,0,0,0.8711,108,1,0.348,0.348,0.06,13.74,993.17,4481.32,8,High,0,0,0.0,995.2,1282.5
2025-09-10,SUP008,Theta Components,Singapore,0.93,P007,Power Modules,Electronics,620,741,2508,6,6,0,0,34.36,3488.99,0.182,1.195,24792.19,28986.87,14354.5,Low,0,0,0,0,1.1952,-121,0,0.2472,0.2472,0.07,39.99,4194.68,10865.51,0,Low,0,0,0.0,711.7,1030.7
2025-09-10,SUP007,Eta Systems,India,0.95,P008,Circuit Boards,Electronics,1602,1265,2465,5,5,0,0,86.58,1646.97,0.161,0.79,140348.13,162811.6,6966.41,Medium,0,0,0,0,0.7896,337,1,0.6499,0.6499,0.05,87.61,22463.47,5319.44,0,Low,0,0,3.5,1107.2,1217.5
2025-09-17,SUP001,Alpha Components,India,0.96,P001,Microchips,Electronics,976,749,1861,2,2,0,0,63.77,2990.17,0.125,0.767,65229.69,73196.52,9006.85,Medium,0,0,0,0,0.7674,227,1,0.5244,0.5244,0.04,66.83,7966.83,6016.68,0,Low,0,0,0.0,1047.2,1330.5
2025-09-17,SUP003,Gamma Semiconductors,Taiwan,0.89,P002,Processors,Electronics,975,2440,1086,12,12,0,0,9.88,1831.74,0.119,2.503,11464.74,12720.06,7135.19,Medium,0,0,0,0,2.5026,-1465,0,0.8978,0.8978,0.11,11.76,1255.32,5303.45,0,Low,0,0,6.5,765.5,1146.0
2025-09-17,SUP002,Beta Electronics,Vietnam,0.92,P003,Memory Modules,Electronics,1171,2051,1694,12,16,1,4,83.53,4052.44,0.095,1.751,101866.07,111350.86,14337.07,High,0,0,0,0,1.7515,-880,0,0.6913,0.6913,0.08,86.99,9484.79,10284.63,4,High,0,0,0.0,932.0,893.2
2025-09-17,SUP004,Delta Manufacturing,China,0.94,P004,Display Panels,Electronics,634,902,1615,8,8,0,0,81.73,3234.89,0.087,1.423,55051.71,59700.49,7276.89,Low,0,0,0,0,1.4227,-268,0,0.3926,0.3926,0.06,86.83,4648.78,4042.0,0,Low,0,0,0.0,691.7,1248.0
2025-09-17,SUP008,Theta Components,Singapore,0.93,P005,Battery Cells,Energy,546,534,1217,9,9,0,0,66.89,3892.39,0.181,0.978,40414.33,47377.06,14232.46,Medium,0,0,0,0,0.978,12,1,0.4486,0.4486,0.07,74.02,6962.73,10340.07,0,Low,0,0,0.0,659.5,653.8
2025-09-17,SUP006,Zeta Industrial,South Korea,0.97,P006,Sensors,Electronics,1148,986,2045,6,6,0,0,83.62,1019.28,0.141,0.859,97015.04,110622.3,3850.09,Medium,0,0,0,0,0.8589,162,1,0.5614,0.5614,0.03,84.51,13607.26,2830.81,0,Low,0,0,0.0,1148.0,986.0
2025-09-17,SUP007,Eta Systems,India,0.95,P007,Power Modules,Electronics,627,853,2055,6,6,0,0,104.4,3978.44,0.193,1.36,69437.24,82454.71,15777.27,Low,0,0,0,0,1.3604,-226,0,0.3051,0.3051,0.05,110.75,13017.47,11798.83,0,Low,0,0,5.0,733.0,926.0
2025-09-17,SUP005,Epsilon Tech,Malaysia,0.91,P008,Circuit Boards,Electronics,970,1922,1250,8,8,0,0,109.48,4467.04,0.16,1.981,110662.64,128011.3,17581.18,Medium,0,0,0,0,1.9814,-952,0,0.776,0.776,0.09,114.09,17348.66,13114.14,0,Low,4,1,1.75,1398.5,1598.5
2025-09-24,SUP008,Theta Components,Singapore,0.93,P001,Microchips,Electronics,1544,3761,2161,2,2,0,0,74.22,840.65,0.108,2.436,115436.33,127858.06,6766.86,Low,0,0,0,0,2.4359,-2217,0,0.7145,0.7145,0.07,74.76,12421.73,5926.21,0,Low,0,0,0.0,1503.0,3475.0
2025-09-24,SUP002,Beta Electronics,Vietnam,0.92,P002,Processors,Electronics,1109,715,1393,14,14,0,0,128.41,2955.13,0.197,0.645,145361.82,173707.02,10477.16,High,0,0,0,0,0.6447,394,1,0.7961,0.7961,0.08,131.07,28345.2,7522.03,0,Low,0,0,6.5,973.0,1194.0
2025-09-24,SUP004,Delta Manufacturing,China,0.94,P003,Memory Modules,Electronics,1134,2243,1731,8,8,0,0,57.77,2176.4,0.06,1.978,67687.58,71683.54,7771.61,Low,0,0,0,0,1.978,-1109,0,0.6551,0.6551,0.06,59.69,3995.96,5595.21,0,Low,0,0,1.0,1108.2,1117.2
2025-09-24,SUP003,Gamma Semiconductors,Taiwan,0.89,P004,Display Panels,Electronics,521,529,2502,12,12,0,0,127.61,2179.59,0.145,1.015,68664.4,78462.72,5024.18,Medium,0,0,0,0,1.0154,-8,0,0.2082,0.2082,0.11,131.79,9798.32,2844.59,0,Low,0,0,0.0,604.2,805.8
2025-09-24,SUP007,Eta Systems,India,0.95,P005,Battery Cells,Energy,447,384,2359,6,6,0,0,104.2,3913.26,0.052,0.859,50490.66,53014.43,9915.48,Medium,0,0,0,0,0.8591,63,1,0.1895,0.1895,0.05,112.95,2523.77,6002.22,0,Low,0,0,0.0,815.2,685.2
2025-09-24,SUP006,Zeta Industrial,South Korea,0.97,P006,Sensors,Electronics,1270,2041,1752,11,11,0,0,136.97,3914.22,0.14,1.607,177866.12,202493.38,16154.39,Low,0,0,0,0,1.6071,-771,0,0.7249,0.7249,0.03,140.05,24627.26,12240.17,0,Low,0,0,0.0,1148.0,986.0
2025-09-24,SUP001,Alpha Components,India,0.96,P007,Power Modules,Electronics,744,1144,1969,6,6,0,0,46.47,1410.14,0.097,1.538,35983.82,39405.86,4339.41,Low,0,0,0,0,1.5376,-400,0,0.3779,0.3779,0.04,48.37,3422.04,2929.27,0,Low,0,0,0.0,758.0,1353.8
2025-09-24,SUP005,Epsilon Tech,Malaysia,0.91,P008,Circuit Boards,Electronics,1533,3534,2148,4,4,0,0,26.98,2497.37,0.118,2.305,43857.71,48885.57,12764.49,Medium,0,0,0,0,2.3053,-2001,0,0.7137,0.7137,0.09,28.61,5027.86,10267.12,0,Low,0,0,1.75,1335.5,1729.8
2025-10-01,SUP007,Eta Systems,India,0.95,P001,Microchips,Electronics,860,2103,2352,6,6,0,0,39.06,3178.86,0.09,2.445,36770.46,39936.75,12683.56,Low,0,0,0,0,2.4453,-1243,0,0.3656,0.3656,0.05,42.76,3166.29,9504.7,0,Low,0,0,0.0,1441.8,1831.5
2025-10-01,SUP004,Delta Manufacturing,China,0.94,P002,Processors,Electronics,937,680,2086,10,10,0,0,29.39,1477.54,0.12,0.726,29015.97,32409.23,5116.38,Medium,0,0,0,0,0.7257,257,1,0.4492,0.4492,0.06,30.97,3393.26,3638.84,0,Low,8,1,2.0,746.5,1145.2
2025-10-01,SUP005,Epsilon Tech,Malaysia,0.91,P003,Memory Modules,Electronics,1390,788,2117,9,9,0,0,36.55,2813.9,0.16,0.567,53618.4,61972.23,10792.54,High,0,0,0,0,0.5669,602,1,0.6566,0.6566,0.09,38.57,8353.83,7978.64,0,Low,13,1,5.33,1203.7,879.0
2025-10-01,SUP002,Beta Electronics,Vietnam,0.92,P004,Display Panels,Electronics,657,570,2487,11,11,0,0,149.84,1969.88,0.162,0.868,100414.76,116522.39,8862.05,Medium,0,0,1,0,0.8676,87,1,0.2642,0.2642,0.08,152.84,16107.63,6892.17,0,Low,0,0,0.0,676.0,1472.0
2025-10-01,SUP003,Gamma Semiconductors,Taiwan,0.89,P005,Battery Cells,Energy,764,544,1858,14,14,0,0,144.48,4512.7,0.177,0.712,114895.42,134832.54,13299.86,Medium,0,0,0,0,0.712,220,1,0.4112,0.4112,0.11,150.39,19937.12,8787.16,0,Low,0,0,1.75,819.8,1260.5
2025-10-01,SUP001,Alpha Components,India,0.96,P006,Sensors,Electronics,1207,850,1803,7,7,0,0,108.27,1890.3,0.07,0.704,132572.19,141786.08,6940.37,Medium,0,0,0,0,0.7042,357,1,0.6694,0.6694,0.04,109.84,9213.89,5050.07,0,Low,0,0,2.25,890.0,1488.0
2025-10-01,SUP008,Theta Components,Singapore,0.93,P007,Power Modules,Electronics,502,410,2331,4,4,0,0,148.68,3905.29,0.116,0.817,78542.65,87427.09,14454.83,Medium,0,0,1,0,0.8167,92,1,0.2154,0.2154,0.07,156.46,8884.44,10549.54,0,Low,0,0,0.0,688.8,958.2
2025-10-01,SUP006,Zeta Industrial,South Korea,0.97,P008,Circuit Boards,Electronics,1010,2652,1954,12,12,0,0,97.9,2611.78,0.116,2.626,101490.78,113112.23,10113.14,Low,0,0,0,0,2.6257,-1642,0,0.5169,0.5169,0.03,100.49,11621.45,7501.36,0,Low,0,0,0.0,1392.7,1207.7
2025-10-08,SUP005,Epsilon Tech,Malaysia,0.91,P001,Microchips,Electronics,988,939,1913,11,11,0,0,31.76,2751.62,0.154,0.95,34130.5,39174.72,11506.01,Medium,0,0,0,0,0.9504,49,1,0.5165,0.5165,0.09,34.55,5044.22,8754.39,0,Low,0,0,0.0,1091.3,1781.3
2025-10-08,SUP007,Eta Systems,India,0.95,P002,Processors,Electronics,1007,891,2117,5,5,0,0,36.99,690.54,0.137,0.885,37939.47,43089.88,4433.66,Medium,0,0,0,0,0.8848,116,1,0.4757,0.4757,0.05,37.68,5150.41,3743.12,0,Low,0,0,0.0,1013.5,2036.0
2025-10-08,SUP003,Gamma Semiconductors,Taiwan,0.89,P003,Memory Modules,Electronics,1233,1287,2560,12,12,0,0,127.02,4112.65,0.194,1.044,160728.31,191510.68,14829.11,Medium,0,0,0,0,1.0438,-54,0,0.4816,0.4816,0.11,130.36,30782.37,10716.46,0,Low,0,0,2.5,1120.5,2036.2
2025-10-08,SUP008,Theta Components,Singapore,0.93,P004,Display Panels,Electronics,493,427,1112,7,7,0,0,19.16,3832.54,0.064,0.866,13278.42,14005.6,13375.6,Medium,0,0,0,0,0.8661,66,1,0.4433,0.4433,0.07,26.93,727.18,9543.06,0,Low,0,0,0.0,750.2,1115.0
2025-10-08,SUP001,Alpha Components,India,0.96,P005,Battery Cells,Energy,428,413,1795,5,5,0,0,133.37,3465.7,0.082,0.965,60548.06,65370.91,14413.26,Medium,0,0,0,0,0.965,15,1,0.2384,0.2384,0.04,141.47,4822.85,10947.56,0,Low,0,0,0.0,836.5,1112.0
2025-10-08,SUP006,Zeta Industrial,South Korea,0.97,P006,Sensors,Electronics,854,2176,2304,6,6,0,0,12.26,4538.15,0.143,2.548,15008.19,16829.88,20220.0,Low,0,0,0,0,2.548,-1322,0,0.3707,0.3707,0.03,17.57,1821.69,15681.85,0,Low,0,0,0.0,1209.0,1513.5
2025-10-08,SUP004,Delta Manufacturing,China,0.94,P007,Power Modules,Electronics,594,264,2084,12,12,0,0,64.23,3511.89,0.184,0.444,41664.51,49007.69,9986.69,High,0,1,0,0,0.4444,330,1,0.285,0.285,0.06,70.14,7343.18,6474.8,0,Low,0,0,0.0,641.0,1131.2
2025-10-08,SUP002,Beta Electronics,Vietnam,0.92,P008,Circuit Boards,Electronics,1163,972,1769,11,11,0,0,18.62,2473.06,0.129,0.836,24128.12,27081.14,11752.25,Medium,0,0,0,0,0.8358,191,1,0.6574,0.6574,0.08,20.75,2953.02,9279.19,0,Low,0,0,3.0,1746.5,1134.0
2025-10-15,SUP006,Zeta Industrial,South Korea,0.97,P001,Microchips,Electronics,1339,1055,2311,9,9,0,0,122.88,1161.15,0.101,0.788,165697.47,182374.28,6149.83,Medium,0,0,0,0,0.7879,284,1,0.5794,0.5794,0.03,123.75,16676.81,4988.68,0,Low,9,1,2.25,1133.8,1385.2
2025-10-15,SUP001,Alpha Components,India,0.96,P002,Processors,Electronics,1020,1560,2289,5,5,0,0,30.15,2653.23,0.167,1.529,33406.23,38763.53,8206.1,Low,0,0,0,0,1.5294,-540,0,0.4456,0.4456,0.04,32.75,5357.3,5552.87,0,Low,0,0,2.5,997.5,2176.2
2025-10-15,SUP007,Eta Systems,India,0.95,P003,Memory Modules,Electronics,911,446,2566,3,3,0,0,16.09,2383.73,0.119,0.49,17041.72,18927.85,10134.2,High,0,0,0,0,0.4896,465,1,0.355,0.355,0.05,18.71,1886.13,7750.47,0,Low,0,0,0.0,960.8,794.2
2025-10-15,SUP002,Beta Electronics,Vietnam,0.92,P004,Display Panels,Electronics,770,1932,2171,12,12,0,0,148.5,4502.84,0.106,2.509,118847.84,131207.06,11549.49,Medium,0,0,1,0,2.5091,-1162,0,0.3547,0.3547,0.08,154.35,12359.22,7046.65,0,Low,0,0,0.0,669.7,1171.3
2025-10-15,SUP005,Epsilon Tech,Malaysia,0.91,P005,Battery Cells,Energy,600,1321,1446,10,14,1,4,25.5,3643.39,0.112,2.202,18943.39,20861.02,12464.25,High,0,0,0,0,2.2017,-721,0,0.4149,0.4149,0.09,31.57,1917.63,8820.86,4,High,0,0,2.75,679.5,986.8
2025-10-15,SUP003,Gamma Semiconductors,Taiwan,0.89,P006,Sensors,Electronics,928,1869,2413,11,11,0,0,65.19,4866.06,0.19,2.014,65362.38,77318.96,18736.69,Medium,0,0,0,0,2.014,-941,0,0.3846,0.3846,0.11,70.43,11956.58,13870.63,0,Low,0,0,0.0,1014.8,1280.0
2025-10-15,SUP004,Delta Manufacturing,China,0.94,P007,Power Modules,Electronics,690,539,1319,8,8,0,0,125.25,1785.68,0.189,0.781,88208.18,104710.78,8652.23,Medium,0,0,0,0,0.7812,151,1,0.5231,0.5231,0.06,127.84,16502.6,6866.55,0,Low,0,0,0.0,572.5,1105.0
2025-10-15,SUP008,Theta Components,Singapore,0.93,P008,Circuit Boards,Electronics,984,916,1105,4,4,0,0,55.92,3782.59,0.136,0.931,58807.87,66548.52,12316.97,Medium,0,0,0,0,0.9309,68,1,0.8905,0.8905,0.07,59.76,7740.65,8534.38,0,Low,0,0,0.0,1302.2,1550.2
2025-10-22,SUP004,Delta Manufacturing,China,0.94,P001,Microchips,Electronics,1205,774,1587,7,13,1,6,114.54,1184.22,0.119,0.642,139204.92,155699.84,4504.31,High,0,0,0,0,0.6423,431,1,0.7593,0.7593,0.06,115.52,16494.92,3320.09,6,High,0,0,1.0,1092.7,2493.0
2025-10-22,SUP008,Theta Components,Singapore,0.93,P002,Processors,Electronics,607,650,2451,7,7,0,0,139.28,4036.16,0.138,1.071,88579.12,100524.54,8637.8,Low,0,0,0,0,1.0708,-43,0,0.2477,0.2477,0.07,145.93,11945.42,4601.64,0,Low,0,0,0.0,886.5,1259.0
2025-10-22,SUP003,Gamma Semiconductors,Taiwan,0.89,P003,Memory Modules,Electronics,1071,1877,1886,10,10,0,0,140.79,2191.12,0.156,1.753,152977.21,176670.75,8599.93,Medium,0,0,0,0,1.7526,-806,0,0.5679,0.5679,0.11,142.84,23693.54,6408.81,0,Low,0,0,0.0,1167.0,2019.8
2025-10-22,SUP002,Beta Electronics,Vietnam,0.92,P004,Display Panels,Electronics,866,1576,1827,10,16,1,6,47.54,4338.42,0.189,1.82,45508.06,53699.1,20083.88,High,0,0,0,0,1.8199,-710,0,0.474,0.474,0.08,52.55,8191.04,15745.46,6,High,0,0,0.0,694.8,1361.5
2025-10-22,SUP005,Epsilon Tech,Malaysia,0.91,P005,Battery Cells,Energy,497,415,2288,12,12,0,0,47.91,1280.73,0.107,0.835,25092.0,27708.32,5558.07,Medium,0,0,0,0,0.835,82,1,0.2172,0.2172,0.09,50.49,2616.32,4277.34,0,Low,4,1,1.0,603.0,1117.5
2025-10-22,SUP006,Zeta Industrial,South Korea,0.97,P006,Sensors,Electronics,838,508,1714,13,13,0,0,129.62,4257.8,0.189,0.606,112879.36,133811.2,12640.71,High,0,0,0,0,0.6062,330,1,0.4889,0.4889,0.03,134.7,20931.84,8382.91,0,Low,0,0,0.0,1090.7,1734.3
2025-10-22,SUP001,Alpha Components,India,0.96,P007,Power Modules,Electronics,691,1628,1998,4,4,0,0,49.54,1994.93,0.094,2.356,36227.07,39538.65,5140.91,Low,0,0,0,0,2.356,-937,0,0.3458,0.3458,0.04,52.43,3311.58,3145.98,0,Low,0,0,0.0,748.2,1195.0
2025-10-22,SUP007,Eta Systems,India,0.95,P008,Circuit Boards,Electronics,1072,1668,2229,3,3,0,0,93.15,2778.49,0.103,1.556,102635.29,113063.63,12707.4,Low,0,0,0,0,1.556,-596,0,0.4809,0.4809,0.05,95.74,10428.34,9928.91,0,Low,0,0,3.5,1293.2,1353.5
2025-10-29,SUP007,Eta Systems,India,0.95,P001,Microchips,Electronics,1293,1033,1282,4,4,0,0,20.64,4962.63,0.131,0.799,31650.15,35471.27,23776.74,Medium,0,0,1,0,0.7989,260,1,1.0086,1.0086,0.05,24.48,3821.12,18814.11,0,Low,0,0,0.0,1300.5,2081.5
2025-10-29,SUP006,Zeta Industrial,South Korea,0.97,P002,Processors,Electronics,919,687,1999,12,12,0,0,92.52,1177.13,0.195,0.748,86203.01,102897.83,4991.2,Medium,0,0,0,0,0.7476,232,1,0.4597,0.4597,0.03,93.8,16694.82,3814.07,0,Low,0,0,0.0,951.0,1106.7
2025-10-29,SUP003,Gamma Semiconductors,Taiwan,0.89,P003,Memory Modules,Electronics,1049,2264,1919,11,11,0,0,46.77,1297.37,0.094,2.158,50359.1,55031.88,5223.21,Medium,0,0,0,0,2.1582,-1215,0,0.5466,0.5466,0.11,48.01,4672.78,3925.84,0,Low,0,0,0.0,1105.5,1642.5
2025-10-29,SUP008,Theta Components,Singapore,0.93,P004,Display Panels,Electronics,512,1287,1370,5,5,0,0,65.14,4480.64,0.184,2.514,37832.32,44381.25,18595.06,Low,0,0,0,0,2.5137,-775,0,0.3737,0.3737,0.07,73.89,6548.93,14114.42,0,Low,0,0,0.0,717.2,1165.2
2025-10-29,SUP001,Alpha Components,India,0.96,P005,Battery Cells,Energy,582,440,1867,7,7,0,0,93.74,4384.11,0.173,0.756,58940.79,68758.32,10721.41,Medium,0,0,0,0,0.756,142,1,0.3117,0.3117,0.04,101.27,9817.53,6337.3,0,Low,0,0,0.0,700.3,879.0
2025-10-29,SUP002,Beta Electronics,Vietnam,0.92,P006,Sensors,Electronics,993,1231,2366,14,14,0,0,24.55,2960.13,0.185,1.24,27338.28,32122.05,9856.62,Medium,0,0,0,0,1.2397,-238,0,0.4197,0.4197,0.08,27.53,4783.77,6896.49,0,Low,0,0,5.67,1001.3,808.3
2025-10-29,SUP004,Delta Manufacturing,China,0.94,P007,Power Modules,Electronics,951,2317,1290,11,11,0,0,107.36,2348.86,0.134,2.436,104448.22,118286.91,10610.99,Low,0,0,0,0,2.4364,-1366,0,0.7372,0.7372,0.06,109.83,13838.69,8262.13,0,Low,0,0,0.0,600.5,851.0
2025-10-29,SUP005,Epsilon Tech,Malaysia,0.91,P008,Circuit Boards,Electronics,1002,1175,1572,8,8,0,0,24.86,4912.56,0.082,1.173,29822.28,32066.29,11531.36,Medium,0,0,0,0,1.1727,-173,0,0.6374,0.6374,0.09,29.76,2244.01,6618.8,0,Low,0,0,1.75,1290.5,2304.5
2025-11-05,SUP008,Theta Components,Singapore,0.93,P001,Microchips,Electronics,1516,3005,2306,6,6,0,0,147.67,1668.52,0.195,1.982,225536.24,269353.13,7036.45,Low,0,0,1,0,1.9822,-1489,0,0.6574,0.6574,0.07,148.77,43816.89,5367.93,0,Low,0,0,0.0,1523.5,3618.0
2025-11-05,SUP002,Beta Electronics,Vietnam,0.92,P002,Processors,Electronics,796,459,1742,12,12,0,0,148.5,3084.97,0.071,0.577,121290.97,129793.11,12520.4,High,0,0,1,0,0.5766,337,1,0.4569,0.4569,0.08,152.38,8502.14,9435.43,0,Low,0,0,2.75,999.0,1215.5
2025-11-05,SUP005,Epsilon Tech,Malaysia,0.91,P003,Memory Modules,Electronics,1134,739,2266,11,14,1,3,54.6,1440.77,0.063,0.652,63357.17,67303.29,6161.25,High,0,0,0,0,0.6517,395,1,0.5004,0.5004,0.09,55.87,3946.12,4720.48,3,Medium,0,0,4.0,1250.2,856.2
2025-11-05,SUP007,Eta Systems,India,0.95,P004,Display Panels,Electronics,562,416,1565,7,7,0,0,118.97,1740.91,0.081,0.74,68602.05,74088.31,4338.21,Medium,0,0,0,0,0.7402,146,1,0.3591,0.3591,0.05,122.07,5486.26,2597.3,0,Low,12,1,3.0,787.2,878.8
2025-11-05,SUP006,Zeta Industrial,South Korea,0.97,P005,Battery Cells,Energy,969,1024,1506,10,10,0,0,43.47,3443.72,0.143,1.057,45566.15,51835.88,11261.56,Low,0,0,0,0,1.0568,-55,0,0.6434,0.6434,0.03,47.02,6269.73,7817.84,0,Low,0,0,2.25,760.8,1210.8
2025-11-05,SUP003,Gamma Semiconductors,Taiwan,0.89,P006,Sensors,Electronics,1161,893,1073,16,16,0,0,141.26,3478.0,0.062,0.769,167480.86,177756.86,11340.85,Medium,0,0,0,0,0.7692,268,1,1.082,1.082,0.11,144.26,10276.0,7862.85,0,Low,0,0,0.0,978.2,1483.5
2025-11-05,SUP004,Delta Manufacturing,China,0.94,P007,Power Modules,Electronics,915,2219,1321,6,6,0,0,144.64,2498.52,0.163,2.425,134844.12,156620.08,9338.52,Low,0,0,0,0,2.4251,-1304,0,0.6927,0.6927,0.06,147.37,21775.96,6840.0,0,Low,0,0,0.0,684.5,1078.5
2025-11-05,SUP001,Alpha Components,India,0.96,P008,Circuit Boards,Electronics,1679,1264,2041,4,10,1,6,67.52,1256.92,0.182,0.753,114623.0,135370.01,6204.56,High,0,0,0,0,0.7528,415,1,0.8226,0.8226,0.04,68.27,20747.01,4947.64,6,High,0,0,0.0,1196.2,1253.5
2025-11-12,SUP004,Delta Manufacturing,China,0.94,P001,Microchips,Electronics,1575,4101,2057,14,14,0,0,20.98,1916.72,0.056,2.604,34960.22,36864.32,9558.44,Low,0,1,0,0,2.6038,-2526,0,0.7657,0.7657,0.06,22.2,1904.1,7641.72,0,Low,6,1,2.25,1120.8,2063.2
2025-11-12,SUP002,Beta Electronics,Vietnam,0.92,P002,Processors,Electronics,1159,2494,1370,11,11,0,0,41.67,984.26,0.165,2.152,49279.79,57329.75,4867.02,Medium,0,0,0,0,2.1519,-1335,0,0.846,0.846,0.08,42.52,8049.96,3882.76,0,Low,0,0,0.0,911.2,1025.8
2025-11-12,SUP005,Epsilon Tech,Malaysia,0.91,P003,Memory Modules,Electronics,1223,1176,1730,9,9,0,0,13.58,1723.99,0.051,0.962,18332.33,19223.32,10145.86,Medium,0,0,0,0,0.9616,47,1,0.7069,0.7069,0.09,14.99,890.99,8421.87,0,Low,3,1,4.75,1216.2,810.0
2025-11-12,SUP006,Zeta Industrial,South Korea,0.97,P004,Display Panels,Electronics,851,1366,1948,11,11,0,0,70.56,1095.82,0.107,1.605,61142.38,67625.99,5032.38,Low,0,0,0,0,1.6052,-515,0,0.4369,0.4369,0.03,71.85,6483.61,3936.56,0,Low,0,0,0.0,581.5,701.0
2025-11-12,SUP001,Alpha Components,India,0.96,P005,Battery Cells,Energy,914,1969,1892,2,2,0,0,51.24,1391.43,0.06,2.154,48224.79,51076.53,6956.66,Low,0,0,0,0,2.1543,-1055,0,0.4831,0.4831,0.04,52.76,2851.74,5565.23,0,Low,0,0,0.0,670.8,769.2
2025-11-12,SUP003,Gamma Semiconductors,Taiwan,0.89,P006,Sensors,Electronics,955,1173,1029,16,16,0,0,135.51,878.57,0.109,1.228,130290.62,144444.42,2771.57,Medium,0,0,0,0,1.2283,-218,0,0.9281,0.9281,0.11,136.43,14153.8,1893.0,0,Low,0,0,0.0,983.5,1489.2
2025-11-12,SUP007,Eta Systems,India,0.95,P007,Power Modules,Electronics,833,1071,2578,4,4,0,0,125.88,4767.13,0.096,1.286,109625.17,119920.36,12789.91,Low,0,0,0,0,1.2857,-238,0,0.3231,0.3231,0.05,131.6,10295.19,8022.78,0,Low,0,0,3.33,697.7,901.7
2025-11-12,SUP008,Theta Components,Singapore,0.93,P008,Circuit Boards,Electronics,1057,701,1943,4,7,1,3,9.38,4360.8,0.16,0.663,14275.46,16210.67,20054.36,High,0,0,0,0,0.6632,356,1,0.544,0.544,0.07,13.51,1935.21,15693.56,3,Medium,0,0,0.0,1294.0,1543.8
2025-11-19,SUP008,Theta Components,Singapore,0.93,P001,Microchips,Electronics,1557,807,2098,8,8,0,0,136.4,2186.25,0.132,0.518,214561.05,242738.82,6752.81,High,0,0,0,0,0.5183,750,1,0.7421,0.7421,0.07,137.8,28177.77,4566.56,0,Low,0,0,0.0,1521.0,3413.7
2025-11-19,SUP006,Zeta Industrial,South Korea,0.97,P002,Processors,Electronics,1104,874,1116,9,9,0,0,140.12,929.12,0.118,0.792,155621.6,173930.13,4970.76,Medium,0,0,0,0,0.7917,230,1,0.9892,0.9892,0.03,140.96,18308.53,4041.64,0,Low,0,0,0.0,943.0,1001.8
2025-11-19,SUP001,Alpha Components,India,0.96,P003,Memory Modules,Electronics,1199,1307,2281,5,5,0,0,111.31,2679.76,0.154,1.09,136140.45,156899.74,9966.54,Low,0,0,0,0,1.0901,-108,0,0.5256,0.5256,0.04,113.54,20759.29,7286.78,0,Low,0,0,0.0,1122.0,2149.5
2025-11-19,SUP005,Epsilon Tech,Malaysia,0.91,P004,Display Panels,Electronics,420,405,1063,7,7,0,0,57.21,2334.72,0.069,0.964,26362.92,28101.41,6103.55,Medium,0,0,0,0,0.9643,15,1,0.3951,0.3951,0.09,62.77,1738.49,3768.83,0,Low,0,0,0.0,569.5,859.0
2025-11-19,SUP004,Delta Manufacturing,China,0.94,P005,Battery Cells,Energy,429,400,1244,11,11,0,0,133.82,4530.6,0.095,0.932,61939.38,67608.42,11349.58,Medium,0,0,0,0,0.9324,29,1,0.3449,0.3449,0.06,144.38,5669.04,6818.98,0,Low,0,0,0.0,723.7,952.0
2025-11-19,SUP002,Beta Electronics,Vietnam,0.92,P006,Sensors,Electronics,1281,3133,2339,14,14,0,0,22.99,703.83,0.148,2.446,30154.02,34564.73,3609.48,Medium,0,0,0,0,2.4457,-1852,0,0.5477,0.5477,0.08,23.54,4410.71,2905.65,0,Low,0,0,4.25,999.2,914.0
2025-11-19,SUP007,Eta Systems,India,0.95,P007,Power Modules,Electronics,823,866,2188,2,2,0,0,148.36,4897.76,0.169,1.052,126998.04,148046.85,18103.54,Low,0,0,1,0,1.0522,-43,0,0.3761,0.3761,0.05,154.31,21048.81,13205.78,0,Low,0,0,2.5,731.5,944.0
2025-11-19,SUP003,Gamma Semiconductors,Taiwan,0.89,P008,Circuit Boards,Electronics,1214,2846,2476,12,12,0,0,68.7,1986.28,0.135,2.344,85388.08,96781.4,9211.04,Medium,0,0,0,0,2.3443,-1632,0,0.4903,0.4903,0.11,70.34,11393.32,7224.76,0,Low,0,0,3.0,1245.5,2328.0
2025-11-26,SUP002,Beta Electronics,Vietnam,0.92,P001,Microchips,Electronics,803,672,1505,6,6,0,0,118.89,4061.59,0.14,0.837,99530.26,113180.19,13174.7,Medium,0,0,0,0,0.8369,131,1,0.5336,0.5336,0.08,123.95,13649.93,9113.11,0,Low,0,0,0.0,1210.2,1535.8
2025-11-26,SUP008,Theta Components,Singapore,0.93,P002,Processors,Electronics,845,2097,1917,5,5,0,0,134.32,4747.68,0.165,2.482,118248.08,137367.33,9454.12,Low,0,0,0,0,2.4817,-1252,0,0.4408,0.4408,0.07,139.94,19119.25,4706.44,0,Low,0,0,0.0,860.2,1325.8
2025-11-26,SUP004,Delta Manufacturing,China,0.94,P003,Memory Modules,Electronics,1395,1257,2414,13,13,0,0,101.88,3435.06,0.088,0.901,145557.66,158215.59,13384.62,Medium,0,0,0,0,0.9011,138,1,0.5779,0.5779,0.06,104.34,12657.93,9949.56,0,Low,0,0,0.0,1087.8,1269.8
2025-11-26,SUP006,Zeta Industrial,South Korea,0.97,P004,Display Panels,Electronics,584,700,1567,13,13,0,0,75.95,4679.87,0.1,1.199,49034.67,53704.14,14246.27,Low,0,0,0,0,1.1986,-116,0,0.3727,0.3727,0.03,83.96,4669.47,9566.4,0,Low,0,0,0.0,692.5,838.0
2025-11-26,SUP001,Alpha Components,India,0.96,P005,Battery Cells,Energy,904,1668,2237,3,3,0,0,85.84,1285.91,0.094,1.845,78885.27,86240.05,6576.27,Low,0,0,0,0,1.8451,-764,0,0.4041,0.4041,0.04,87.26,7354.78,5290.36,0,Low,0,0,0.0,673.0,939.2
2025-11-26,SUP003,Gamma Semiconductors,Taiwan,0.89,P006,Sensors,Electronics,984,1977,1526,14,21,1,7,17.85,904.45,0.14,2.009,18468.85,20991.18,4706.01,High,0,0,0,0,2.0091,-993,0,0.6448,0.6448,0.11,18.77,2522.33,3801.56,7,High,0,0,0.0,1021.8,1238.0
2025-11-26,SUP007,Eta Systems,India,0.95,P007,Power Modules,Electronics,831,754,2373,5,5,0,0,119.44,4974.87,0.141,0.907,104229.51,118575.14,14505.82,Medium,0,0,1,0,0.9073,77,1,0.3502,0.3502,0.05,125.43,14345.63,9530.95,0,Low,0,0,0.0,800.8,1079.2
2025-11-26,SUP005,Epsilon Tech,Malaysia,0.91,P008,Circuit Boards,Electronics,947,663,1293,14,21,1,7,101.98,3351.7,0.139,0.7,99926.76,113583.64,8145.95,High,0,0,0,0,0.7001,284,1,0.7324,0.7324,0.09,105.52,13656.88,4794.25,7,High,0,0,1.0,1087.5,1948.2
2025-12-03,SUP007,Eta Systems,India,0.95,P001,Microchips,Electronics,1326,2484,1906,6,6,0,0,65.09,3780.23,0.167,1.873,90089.57,104818.88,9203.02,Low,0,0,0,0,1.8733,-1158,0,0.6957,0.6957,0.05,67.94,14729.31,5422.79,0,Low,0,0,0.0,1216.0,1710.2
2025-12-03,SUP004,Delta Manufacturing,China,0.94,P002,Processors,Electronics,836,1053,1984,12,12,0,0,135.01,4206.23,0.185,1.26,117074.59,138344.31,15009.42,Low,0,0,0,0,1.2596,-217,0,0.4214,0.4214,0.06,140.04,21269.72,10803.19,0,Low,0,0,2.0,802.2,867.2
2025-12-03,SUP002,Beta Electronics,Vietnam,0.92,P003,Memory Modules,Electronics,1307,951,1937,9,9,0,0,19.51,4233.75,0.197,0.728,29733.32,35173.76,13212.0,Medium,0,0,0,0,0.7276,356,1,0.6748,0.6748,0.08,22.75,5440.44,8978.25,0,Low,4,1,1.0,959.0,1157.2
2025-12-03,SUP003,Gamma Semiconductors,Taiwan,0.89,P004,Display Panels,Electronics,927,1679,1610,16,16,0,0,51.42,2312.17,0.151,1.811,49978.51,57350.7,9312.87,Medium,0,0,0,0,1.8112,-752,0,0.5758,0.5758,0.11,53.91,7372.19,7000.7,0,Low,0,0,0.0,615.2,805.8
2025-12-03,SUP006,Zeta Industrial,South Korea,0.97,P005,Battery Cells,Energy,1072,2323,1230,9,9,0,0,107.49,3890.62,0.181,2.167,119119.9,140328.5,13917.72,Low,0,0,0,0,2.167,-1251,0,0.8715,0.8715,0.03,111.12,21208.6,10027.1,0,Low,0,0,2.25,780.5,1189.2
2025-12-03,SUP005,Epsilon Tech,Malaysia,0.91,P006,Sensors,Electronics,870,2039,1652,7,7,0,0,121.1,1546.44,0.084,2.344,106903.44,115818.38,6382.04,Medium,0,0,0,0,2.3437,-1169,0,0.5266,0.5266,0.09,122.88,8914.94,4835.6,0,Low,0,0,0.0,972.0,1088.2
2025-12-03,SUP001,Alpha Components,India,0.96,P007,Power Modules,Electronics,614,479,1525,2,2,0,0,16.1,974.68,0.138,0.78,10860.08,12291.52,3857.05,Medium,0,0,0,0,0.7801,135,1,0.4026,0.4026,0.04,17.69,1431.44,2882.37,0,Low,0,0,0.0,718.0,1154.5
2025-12-03,SUP008,Theta Components,Singapore,0.93,P008,Circuit Boards,Electronics,1465,1572,2430,4,4,0,0,64.68,3193.68,0.148,1.073,97949.88,112210.13,10540.42,Low,0,0,0,0,1.073,-107,0,0.6029,0.6029,0.07,66.86,14260.25,7346.74,0,Low,3,1,0.75,1241.8,1526.2
2025-12-10,SUP006,Zeta Industrial,South Korea,0.97,P001,Microchips,Electronics,1465,1413,2016,11,11,0,0,139.22,4888.31,0.175,0.965,208845.61,244965.86,15942.93,Medium,0,0,0,0,0.9645,52,1,0.7267,0.7267,0.03,142.56,36120.25,11054.62,0,Low,0,0,2.25,1214.8,1295.5
2025-12-10,SUP002,Beta Electronics,Vietnam,0.92,P002,Processors,Electronics,809,1766,2298,11,11,0,0,120.18,1930.92,0.137,2.183,99156.54,112608.72,6876.29,Medium,0,0,0,0,2.1829,-957,0,0.352,0.352,0.08,122.57,13452.18,4945.37,0,Low,0,0,0.0,969.8,1062.0
2025-12-10,SUP001,Alpha Components,India,0.96,P003,Memory Modules,Electronics,1340,511,1966,4,4,0,0,149.68,2532.83,0.103,0.381,203104.03,223893.3,8566.34,High,0,0,1,0,0.3813,829,1,0.6816,0.6816,0.04,151.57,20789.27,6033.51,0,Low,0,0,0.0,1174.5,2063.5
2025-12-10,SUP005,Epsilon Tech,Malaysia,0.91,P004,Display Panels,Electronics,616,337,1946,8,8,0,0,100.05,776.51,0.172,0.547,62407.31,73074.59,4365.92,High,0,0,0,0,0.5471,279,1,0.3165,0.3165,0.09,101.31,10667.28,3589.41,0,Low,0,0,0.0,571.8,872.2
2025-12-10,SUP007,Eta Systems,India,0.95,P005,Battery Cells,Energy,568,1166,1529,6,6,0,0,131.28,1838.13,0.074,2.053,76405.17,81991.14,6889.6,Low,0,0,0,0,2.0528,-598,0,0.3715,0.3715,0.05,134.52,5585.97,5051.47,0,Low,0,0,0.0,688.0,498.0
2025-12-10,SUP004,Delta Manufacturing,China,0.94,P006,Sensors,Electronics,1126,590,1701,7,7,0,0,89.93,2054.66,0.17,0.524,103315.84,120704.89,7622.51,High,0,0,0,0,0.524,536,1,0.662,0.662,0.06,91.75,17389.05,5567.85,0,Low,8,1,2.0,988.8,1311.2
2025-12-10,SUP003,Gamma Semiconductors,Taiwan,0.89,P007,Power Modules,Electronics,782,1324,2567,13,13,0,0,87.29,4414.72,0.106,1.693,72675.5,80145.12,15852.52,Medium,0,0,0,0,1.6931,-542,0,0.3046,0.3046,0.11,92.94,7469.62,11437.8,0,Low,0,0,0.0,640.5,916.2
2025-12-10,SUP008,Theta Components,Singapore,0.93,P008,Circuit Boards,Electronics,1741,4265,2584,7,7,0,0,120.38,4621.05,0.104,2.45,214202.63,236239.41,13973.13,Low,0,1,0,0,2.4497,-2524,0,0.6738,0.6738,0.07,123.03,22036.78,9352.08,0,Low,0,0,0.75,1152.8,1195.8
2025-12-17,SUP004,Delta Manufacturing,China,0.94,P001,Microchips,Electronics,1189,2857,1781,8,8,0,0,90.45,4711.72,0.151,2.403,112256.77,128851.81,16556.5,Low,0,0,0,0,2.4029,-1668,0,0.6676,0.6676,0.06,94.41,16595.04,11844.78,0,Low,0,0,1.5,1312.2,2691.0
2025-12-17,SUP007,Eta Systems,India,0.95,P002,Processors,Electronics,1179,806,2061,6,21,1,15,47.81,1094.81,0.116,0.684,57462.8,64064.99,5515.4,High,0,0,0,0,0.6836,373,1,0.5721,0.5721,0.05,48.74,6602.19,4420.59,15,High,0,0,0.0,980.8,1536.8
2025-12-17,SUP008,Theta Components,Singapore,0.93,P003,Memory Modules,Electronics,1073,894,1358,7,7,0,0,70.85,717.63,0.173,0.833,76739.68,89953.57,4734.34,Medium,0,0,0,0,0.8332,179,1,0.7901,0.7901,0.07,71.52,13213.89,4016.71,0,Low,9,1,2.25,1225.2,1589.8
2025-12-17,SUP003,Gamma Semiconductors,Taiwan,0.89,P004,Display Panels,Electronics,497,199,1604,16,16,0,0,119.39,3193.53,0.112,0.4,62530.36,69354.92,13990.9,High,0,1,0,0,0.4004,298,1,0.3099,0.3099,0.11,125.82,6824.56,10797.37,0,Low,0,0,0.0,706.0,885.8
2025-12-17,SUP006,Zeta Industrial,South Korea,0.97,P005,Battery Cells,Energy,811,715,1323,6,14,1,8,16.46,3219.62,0.165,0.882,16568.68,19036.89,10926.55,High,0,0,0,0,0.8816,96,1,0.613,0.613,0.03,20.43,2468.21,7706.93,8,High,0,0,2.25,802.8,1534.5
2025-12-17,SUP002,Beta Electronics,Vietnam,0.92,P006,Sensors,Electronics,822,668,1977,11,11,0,0,129.38,4785.87,0.183,0.813,111136.23,131036.25,12784.33,Medium,0,0,0,0,0.8127,154,1,0.4158,0.4158,0.08,135.2,19900.02,7998.46,0,Low,0,0,0.75,1050.2,1472.8
2025-12-17,SUP001,Alpha Components,India,0.96,P007,Power Modules,Electronics,674,222,2399,6,6,0,0,36.66,1661.47,0.067,0.329,26370.31,28081.46,8109.74,High,0,1,0,0,0.3294,452,1,0.281,0.281,0.04,39.13,1711.15,6448.27,0,Low,0,0,0.0,649.0,1099.0
2025-12-17,SUP005,Epsilon Tech,Malaysia,0.91,P008,Circuit Boards,Electronics,1025,1967,2448,4,4,0,0,91.67,2544.25,0.118,1.919,96506.0,107743.6,12838.67,Medium,0,0,0,0,1.919,-942,0,0.4187,0.4187,0.09,94.15,11237.6,10294.42,0,Low,7,1,1.75,1113.0,1823.5
2025-12-24,SUP007,Eta Systems,India,0.95,P001,Microchips,Electronics,970,2581,1333,3,3,0,0,20.94,1786.55,0.151,2.661,22098.35,25300.32,4994.79,Low,0,0,0,0,2.6608,-1611,0,0.7277,0.7277,0.05,22.78,3201.97,3208.24,0,Low,0,0,0.0,1228.8,2097.8
2025-12-24,SUP003,Gamma Semiconductors,Taiwan,0.89,P002,Processors,Electronics,605,1043,2178,13,13,0,0,11.16,4948.43,0.056,1.724,11700.23,12216.89,21505.03,Medium,0,0,1,0,1.724,-438,0,0.2778,0.2778,0.11,19.34,516.66,16556.6,0,Low,0,0,4.33,835.3,1577.3
2025-12-24,SUP005,Epsilon Tech,Malaysia,0.91,P003,Memory Modules,Electronics,1231,1596,1736,7,7,0,0,121.25,3548.96,0.132,1.297,152807.71,172744.1,13368.98,Medium,0,0,0,0,1.2965,-365,0,0.7091,0.7091,0.09,124.13,19936.39,9820.02,0,Low,0,0,4.0,1231.0,875.2
2025-12-24,SUP008,Theta Components,Singapore,0.93,P004,Display Panels,Electronics,894,717,2072,4,4,0,0,54.14,3592.83,0.194,0.802,51993.99,61732.32,14314.75,Medium,0,0,0,0,0.802,177,1,0.4315,0.4315,0.07,58.16,9738.33,10721.92,0,Low,0,0,0.0,644.2,1161.0
2025-12-24,SUP001,Alpha Components,India,0.96,P005,Battery Cells,Energy,962,990,2386,4,4,0,0,111.78,2390.05,0.137,1.029,109922.41,124818.06,11200.46,Low,0,0,0,0,1.0291,-28,0,0.4032,0.4032,0.04,114.26,14895.65,8810.41,0,Low,0,0,0.0,707.0,1122.5
2025-12-24,SUP006,Zeta Industrial,South Korea,0.97,P006,Sensors,Electronics,952,548,2249,7,7,0,0,73.27,3540.93,0.143,0.576,73293.97,83521.83,12241.87,High,0,0,0,0,0.5756,404,1,0.4233,0.4233,0.03,76.99,10227.86,8700.94,0,Low,0,0,0.0,1027.5,1427.8
2025-12-24,SUP002,Beta Electronics,Vietnam,0.92,P007,Power Modules,Electronics,527,389,1618,12,12,0,0,132.9,4581.69,0.199,0.738,74619.99,89013.49,11345.66,Medium,0,0,0,0,0.7381,138,1,0.3257,0.3257,0.08,141.59,14393.5,6763.97,0,Low,0,0,0.0,664.8,1034.2
2025-12-24,SUP004,Delta Manufacturing,China,0.94,P008,Circuit Boards,Electronics,863,1753,2138,7,7,0,0,30.93,2622.83,0.133,2.031,29315.42,33039.95,9445.92,Low,0,0,0,0,2.0313,-890,0,0.4036,0.4036,0.06,33.97,3724.53,6823.09,0,Low,0,0,0.0,1328.0,1670.5
2025-12-31,SUP001,Alpha Components,India,0.96,P001,Microchips,Electronics,1139,1027,1846,6,6,0,0,35.8,2809.29,0.07,0.902,43585.49,46538.15,9708.08,Medium,0,0,0,0,0.9017,112,1,0.617,0.617,0.04,38.27,2952.66,6898.79,0,Low,0,0,0.0,998.5,894.8
2025-12-31,SUP004,Delta Manufacturing,China,0.94,P002,Processors,Electronics,1178,1772,1227,7,7,0,0,136.94,1591.6,0.064,1.504,162906.92,173282.03,5445.19,Low,0,0,0,0,1.5042,-594,0,0.9601,0.9601,0.06,138.29,10375.11,3853.59,0,Low,0,0,2.0,828.2,1050.5
2025-12-31,SUP005,Epsilon Tech,Malaysia,0.91,P003,Memory Modules,Electronics,1302,718,2450,4,4,0,0,25.8,1641.26,0.146,0.551,35232.86,40257.05,6307.41,High,0,0,0,0,0.5515,584,1,0.5314,0.5314,0.09,27.06,5024.19,4666.15,0,Low,0,0,0.75,1244.5,1074.8
2025-12-31,SUP006,Zeta Industrial,South Korea,0.97,P004,Display Panels,Electronics,525,815,1590,10,10,0,0,69.01,3874.37,0.187,1.552,40104.62,47241.93,12961.11,Low,0,0,0,0,1.5524,-290,0,0.3302,0.3302,0.03,76.39,7137.31,9086.74,0,Low,0,0,0.0,703.0,931.5
2025-12-31,SUP002,Beta Electronics,Vietnam,0.92,P005,Battery Cells,Energy,838,1700,1544,11,11,0,0,19.58,895.05,0.076,2.029,17303.09,18584.11,3830.97,Medium,0,0,0,0,2.0286,-862,0,0.5427,0.5427,0.08,20.65,1281.02,2935.92,0,Low,0,0,0.0,733.0,1169.2
2025-12-31,SUP008,Theta Components,Singapore,0.93,P006,Sensors,Electronics,1299,1331,1579,8,8,0,0,51.85,1820.91,0.09,1.025,69174.06,75317.78,7117.06,Low,0,0,0,0,1.0246,-32,0,0.8227,0.8227,0.07,53.25,6143.72,5296.15,0,Low,0,0,1.0,949.2,971.2
2025-12-31,SUP007,Eta Systems,India,0.95,P007,Power Modules,Electronics,568,1371,1446,3,3,0,0,10.69,3811.63,0.081,2.414,9883.55,10529.75,9188.94,Low,0,0,0,0,2.4137,-803,0,0.3928,0.3928,0.05,17.4,646.2,5377.31,0,Low,0,0,0.0,778.5,886.0
2025-12-31,SUP003,Gamma Semiconductors,Taiwan,0.89,P008,Circuit Boards,Electronics,990,367,2389,12,12,0,0,27.61,4366.0,0.125,0.371,31699.9,35389.51,16275.61,High,0,0,0,0,0.3707,623,1,0.4144,0.4144,0.11,32.02,3689.61,11909.61,0,Low,0,0,2.0,1235.0,2500.7
2026-01-07,SUP006,Zeta Industrial,South Korea,0.97,P001,Microchips,Electronics,1607,4235,2338,11,11,0,0,133.85,1181.17,0.073,2.635,216278.12,232023.31,4795.8,Low,0,1,0,0,2.6353,-2628,0,0.6873,0.6873,0.03,134.59,15745.19,3614.63,0,Low,0,0,2.25,1245.8,1420.8
2026-01-07,SUP007,Eta Systems,India,0.95,P002,Processors,Electronics,1042,1823,2353,5,5,0,0,79.63,1904.85,0.114,1.75,84879.31,94446.97,8585.21,Low,0,0,0,0,1.7495,-781,0,0.4428,0.4428,0.05,81.46,9567.66,6680.36,0,Low,15,1,3.75,1080.5,1405.0
2026-01-07,SUP003,Gamma Semiconductors,Taiwan,0.89,P003,Memory Modules,Electronics,1266,1174,2059,10,10,0,0,114.68,4536.48,0.177,0.927,149721.36,175820.56,13238.05,Medium,0,0,0,0,0.9273,92,1,0.6149,0.6149,0.11,118.26,26099.2,8701.57,0,Low,0,0,0.0,1118.5,2117.2
2026-01-07,SUP005,Epsilon Tech,Malaysia,0.91,P004,Display Panels,Electronics,918,2369,1466,9,19,1,10,19.7,3199.86,0.123,2.581,21284.46,23705.66,12145.64,High,0,0,0,0,2.5806,-1451,0,0.6262,0.6262,0.09,23.19,2421.2,8945.78,10,High,0,0,0.0,581.2,778.8
2026-01-07,SUP002,Beta Electronics,Vietnam,0.92,P005,Battery Cells,Energy,406,600,2378,11,11,0,0,142.19,3571.43,0.1,1.478,61300.57,67252.06,11518.5,Medium,1,0,0,0,1.4778,-194,0,0.1707,0.1707,0.08,150.99,5951.49,7947.07,0,Low,0,0,0.0,728.5,1009.2
2026-01-07,SUP004,Delta Manufacturing,China,0.94,P006,Sensors,Electronics,1237,889,2338,11,16,1,5,143.24,1979.7,0.149,0.719,179167.58,205716.06,9879.16,High,0,0,0,0,0.7187,348,1,0.5291,0.5291,0.06,144.84,26548.48,7899.46,5,High,0,0,2.0,982.5,1035.5
2026-01-07,SUP001,Alpha Components,India,0.96,P007,Power Modules,Electronics,775,735,1611,2,2,0,0,92.89,868.85,0.147,0.948,72858.6,83504.95,4384.25,Medium,0,0,0,0,0.9484,40,1,0.4811,0.4811,0.04,94.01,10646.35,3515.4,0,Low,0,0,0.0,680.8,868.2
2026-01-07,SUP008,Theta Components,Singapore,0.93,P008,Circuit Boards,Electronics,1036,2776,1715,9,9,0,0,62.44,1257.25,0.175,2.68,65945.09,77375.47,5249.34,Low,0,0,0,0,2.6795,-1740,0,0.6041,0.6041,0.07,63.65,11430.38,3992.09,0,Low,0,0,0.75,1311.8,1863.5
2026-01-14,SUP002,Beta Electronics,Vietnam,0.92,P001,Microchips,Electronics,1231,3243,1423,8,8,0,0,103.28,3636.61,0.104,2.634,130774.29,144185.71,16790.53,Medium,0,0,0,0,2.6344,-2012,0,0.8651,0.8651,0.08,106.23,13411.42,13153.92,0,Low,0,0,0.0,1184.0,1358.8
2026-01-14,SUP008,Theta Components,Singapore,0.93,P002,Processors,Electronics,599,432,1817,4,4,0,0,97.66,1717.52,0.087,0.721,60215.86,65379.93,7841.74,Medium,0,0,0,0,0.7212,167,1,0.3297,0.3297,0.07,100.53,5164.07,6124.22,0,Low,0,0,0.0,788.2,1632.2
2026-01-14,SUP006,Zeta Industrial,South Korea,0.97,P003,Memory Modules,Electronics,1287,3529,1538,9,9,0,0,146.56,2161.11,0.104,2.742,190783.83,210512.97,7966.6,Low,0,0,0,0,2.742,-2242,0,0.8368,0.8368,0.03,148.24,19729.14,5805.49,0,Low,0,0,0.0,1123.0,2202.2
2026-01-14,SUP007,Eta Systems,India,0.95,P004,Display Panels,Electronics,901,647,1964,4,4,0,0,18.42,3484.16,0.139,0.718,20080.58,22629.63,11214.52,Medium,0,0,0,0,0.7181,254,1,0.4588,0.4588,0.05,22.29,2549.05,7730.36,0,Low,0,0,3.0,723.5,832.8
2026-01-14,SUP003,Gamma Semiconductors,Taiwan,0.89,P005,Battery Cells,Energy,421,1050,1290,10,22,1,12,14.54,4688.71,0.149,2.494,10810.05,12071.44,17456.19,High,0,0,0,0,2.4941,-629,0,0.3264,0.3264,0.11,25.68,1261.39,12767.48,12,High,0,0,1.75,736.5,1097.0
2026-01-14,SUP001,Alpha Components,India,0.96,P006,Sensors,Electronics,1024,1642,1568,2,2,0,0,75.98,4379.34,0.066,1.604,82182.86,87462.41,15515.66,Low,0,0,0,0,1.6035,-618,0,0.6531,0.6531,0.04,80.26,5279.55,11136.32,0,Low,0,0,0.0,931.2,1113.8
2026-01-14,SUP005,Epsilon Tech,Malaysia,0.91,P007,Power Modules,Electronics,713,1652,2301,14,18,1,4,110.64,1543.29,0.156,2.317,80429.61,92856.25,4889.63,High,0,0,0,0,2.317,-939,0,0.3099,0.3099,0.09,112.8,12426.64,3346.34,4,High,0,0,0.0,770.2,1258.0
2026-01-14,SUP004,Delta Manufacturing,China,0.94,P008,Circuit Boards,Electronics,858,1024,1360,9,9,0,0,23.34,1546.86,0.163,1.193,21572.58,24962.84,5465.39,Low,0,0,0,0,1.1935,-166,0,0.6309,0.6309,0.06,25.14,3390.26,3918.53,0,Low,0,0,0.0,1214.8,1815.2
2026-01-21,SUP007,Eta Systems,India,0.95,P001,Microchips,Electronics,1094,2743,1388,7,19,1,12,83.97,669.64,0.171,2.507,92532.82,108298.68,3737.75,High,0,0,0,0,2.5073,-1649,0,0.7882,0.7882,0.05,84.58,15765.86,3068.11,12,High,0,0,0.0,1112.2,2050.2
2026-01-21,SUP003,Gamma Semiconductors,Taiwan,0.89,P002,Processors,Electronics,1131,2886,1500,10,10,0,0,21.83,3678.67,0.102,2.552,28368.4,31074.36,8498.76,Medium,0,0,0,0,2.5517,-1755,0,0.754,0.754,0.11,25.08,2705.96,4820.09,0,Low,0,0,3.25,777.8,1443.8
2026-01-21,SUP004,Delta Manufacturing,China,0.94,P003,Memory Modules,Electronics,1234,808,1890,11,11,0,0,143.1,1116.59,0.131,0.655,177701.99,200907.81,4531.93,High,0,0,0,0,0.6548,426,1,0.6529,0.6529,0.06,144.0,23205.82,3415.34,0,Low,0,0,0.0,1174.0,1284.2
2026-01-21,SUP001,Alpha Components,India,0.96,P004,Display Panels,Electronics,685,1653,2033,4,4,0,0,23.17,4790.31,0.059,2.413,20661.76,21739.49,13035.83,Low,0,0,0,0,2.4131,-968,0,0.3369,0.3369,0.04,30.16,1077.73,8245.52,0,Low,0,0,0.0,519.5,830.5
2026-01-21,SUP005,Epsilon Tech,Malaysia,0.91,P005,Battery Cells,Energy,797,739,1470,9,9,0,0,48.27,1968.27,0.053,0.927,40439.46,42530.59,7985.29,Medium,0,0,0,0,0.9272,58,1,0.5422,0.5422,0.09,50.74,2091.13,6017.02,0,Low,0,0,1.0,626.8,1126.0
2026-01-21,SUP006,Zeta Industrial,South Korea,0.97,P006,Sensors,Electronics,1176,792,1809,8,8,0,0,27.74,2480.32,0.122,0.673,35102.56,39233.77,7108.11,High,0,0,0,0,0.6735,384,1,0.6501,0.6501,0.03,29.85,4131.21,4627.79,0,Low,0,0,0.0,978.5,1318.2
2026-01-21,SUP002,Beta Electronics,Vietnam,0.92,P007,Power Modules,Electronics,599,614,1785,12,12,0,0,94.04,2766.69,0.182,1.025,59096.65,69600.47,12581.76,Medium,0,0,0,0,1.025,-15,0,0.3356,0.3356,0.08,98.66,10503.82,9815.07,0,Low,0,0,0.0,594.0,619.8
2026-01-21,SUP008,Theta Components,Singapore,0.93,P008,Circuit Boards,Electronics,1839,4095,2065,3,3,0,0,79.48,4083.98,0.161,2.227,150247.7,174108.82,15947.1,Low,1,1,0,0,2.2268,-2256,0,0.8906,0.8906,0.07,81.7,23861.12,11863.12,0,Low,0,0,0.75,1324.8,2328.5
2026-01-28,SUP008,Theta Components,Singapore,0.93,P001,Microchips,Electronics,896,1225,2402,8,8,0,0,58.03,693.95,0.077,1.367,52688.83,56719.15,4072.16,Low,0,0,0,0,1.3672,-329,0,0.373,0.373,0.07,58.8,4030.32,3378.21,0,Low,0,0,0.0,1530.0,2762.0
2026-01-28,SUP001,Alpha Components,India,0.96,P002,Processors,Electronics,679,1283,2066,7,7,0,0,118.08,2041.66,0.144,1.89,82217.98,93910.37,5443.59,Low,0,0,0,0,1.8895,-604,0,0.3287,0.3287,0.04,121.09,11692.39,3401.93,0,Low,0,0,2.5,991.0,1938.2
2026-01-28,SUP004,Delta Manufacturing,China,0.94,P003,Memory Modules,Electronics,968,2471,1880,7,7,0,0,124.49,3028.39,0.151,2.553,123534.71,141959.81,14050.67,Low,0,0,0,0,2.5527,-1503,0,0.5149,0.5149,0.06,127.62,18425.1,11022.28,0,Low,0,0,0.0,1250.2,1314.8
2026-01-28,SUP007,Eta Systems,India,0.95,P004,Display Panels,Electronics,489,961,1425,5,5,0,0,35.93,1568.67,0.095,1.965,19138.44,20882.08,6173.4,Low,0,0,0,0,1.9652,-472,0,0.3432,0.3432,0.05,39.14,1743.64,4604.73,0,Low,0,0,3.0,729.8,535.0
2026-01-28,SUP003,Gamma Semiconductors,Taiwan,0.89,P005,Battery Cells,Energy,952,894,1031,10,23,1,13,121.73,1310.71,0.066,0.939,117197.67,124889.46,6580.79,High,0,0,0,0,0.9391,58,1,0.9234,0.9234,0.11,123.11,7691.79,5270.08,13,High,12,1,4.75,642.2,823.8
2026-01-28,SUP006,Zeta Industrial,South Korea,0.97,P006,Sensors,Electronics,914,526,1543,6,6,0,0,110.99,2121.77,0.063,0.575,103566.63,110024.49,6510.45,High,0,0,0,0,0.5755,388,1,0.5924,0.5924,0.03,113.31,6457.86,4388.68,0,Low,0,0,0.0,955.0,1006.0
2026-01-28,SUP002,Beta Electronics,Vietnam,0.92,P007,Power Modules,Electronics,865,1216,2343,14,25,1,11,42.87,4155.47,0.101,1.406,41238.02,45193.21,10196.83,High,0,0,0,1,1.4058,-351,0,0.3692,0.3692,0.08,47.67,3955.19,6041.36,11,High,0,0,0.0,562.5,571.5
2026-01-28,SUP005,Epsilon Tech,Malaysia,0.91,P008,Circuit Boards,Electronics,967,1892,1953,10,10,0,0,19.5,4444.76,0.159,1.957,23301.26,26652.8,13052.79,Medium,0,0,0,0,1.9566,-925,0,0.4951,0.4951,0.09,24.1,3351.54,8608.03,0,Low,0,0,1.75,1126.8,1834.8
2026-02-04,SUP004,Delta Manufacturing,China,0.94,P001,Microchips,Electronics,1137,2326,2218,14,14,0,0,78.89,1474.61,0.181,2.046,91172.54,107541.32,4930.82,Low,0,0,0,0,2.0457,-1189,0,0.5126,0.5126,0.06,80.19,16368.78,3456.21,0,Low,0,0,1.5,1360.8,2941.5
2026-02-04,SUP002,Beta Electronics,Vietnam,0.92,P002,Processors,Electronics,703,619,1353,10,10,0,0,138.25,2991.01,0.095,0.881,100180.76,109555.86,9508.91,Medium,0,0,0,0,0.8805,84,1,0.5196,0.5196,0.08,142.5,9375.1,6517.9,0,Low,0,0,0.0,968.2,1358.5
2026-02-04,SUP003,Gamma Semiconductors,Taiwan,0.89,P003,Memory Modules,Electronics,848,2311,1566,13,13,0,0,96.5,3837.32,0.171,2.725,85669.32,99990.68,16040.13,Medium,0,0,0,0,2.7252,-1463,0,0.5415,0.5415,0.11,101.03,14321.36,12202.81,0,Low,0,0,0.0,1154.8,1650.5
2026-02-04,SUP005,Epsilon Tech,Malaysia,0.91,P004,Display Panels,Electronics,936,434,2289,11,11,0,0,58.69,3356.35,0.078,0.464,58290.19,62705.93,13779.94,High,0,0,0,0,0.4637,502,1,0.4089,0.4089,0.09,62.28,4415.74,10423.59,0,Low,10,1,2.5,622.5,1124.5
2026-02-04,SUP007,Eta Systems,India,0.95,P005,Battery Cells,Energy,489,448,2557,6,6,0,0,23.07,2891.11,0.109,0.916,14172.34,15559.56,10538.36,Medium,0,0,0,0,0.9162,41,1,0.1912,0.1912,0.05,28.98,1387.22,7647.25,0,Low,0,0,0.0,658.2,668.2
2026-02-04,SUP006,Zeta Industrial,South Korea,0.97,P006,Sensors,Electronics,1260,2441,2323,11,11,0,0,71.44,1055.52,0.081,1.937,91069.92,98403.83,3236.54,Low,0,0,0,0,1.9373,-1181,0,0.5424,0.5424,0.03,72.28,7333.91,2181.02,0,Low,0,0,0.0,970.0,593.5
2026-02-04,SUP008,Theta Components,Singapore,0.93,P007,Power Modules,Electronics,956,853,1186,7,7,0,0,112.82,4356.34,0.191,0.892,112212.26,133228.77,14950.21,Medium,0,0,0,0,0.8923,103,1,0.8061,0.8061,0.07,117.38,21016.51,10593.87,0,Low,0,0,0.0,578.2,678.2
2026-02-04,SUP001,Alpha Components,India,0.96,P008,Circuit Boards,Electronics,877,852,2283,7,7,0,0,135.43,1037.21,0.099,0.971,119809.32,131619.1,5560.38,Medium,0,0,0,0,0.9715,25,1,0.3841,0.3841,0.04,136.61,11809.78,4523.17,0,Low,6,1,1.5,1391.0,1490.5
2026-02-11,SUP002,Beta Electronics,Vietnam,0.92,P001,Microchips,Electronics,1156,1037,2015,8,8,0,0,108.34,2909.06,0.145,0.897,128150.1,146520.96,8131.3,Medium,0,0,0,0,0.8971,119,1,0.5737,0.5737,0.08,110.86,18370.86,5222.24,0,Low,0,0,0.0,1169.8,2049.0
2026-02-11,SUP005,Epsilon Tech,Malaysia,0.91,P002,Processors,Electronics,954,823,1839,11,11,0,0,112.9,1878.21,0.09,0.863,109584.81,119362.92,7749.01,Medium,0,0,0,0,0.8627,131,1,0.5188,0.5188,0.09,114.87,9778.11,5870.8,0,Low,0,0,1.5,951.2,887.2
2026-02-11,SUP001,Alpha Components,India,0.96,P003,Memory Modules,Electronics,918,2238,1737,2,2,0,0,50.99,2896.12,0.135,2.438,49704.94,56219.62,10534.42,Low,0,0,0,0,2.4379,-1320,0,0.5285,0.5285,0.04,54.14,6514.68,7638.3,0,Low,0,0,0.0,1200.5,1371.2
2026-02-11,SUP006,Zeta Industrial,South Korea,0.97,P004,Display Panels,Electronics,505,1362,2208,10,10,0,0,25.24,3745.1,0.078,2.697,16491.3,17631.56,10566.85,Low,0,0,0,0,2.697,-857,0,0.2287,0.2287,0.03,32.66,1140.26,6821.75,0,Low,0,0,0.0,606.0,850.2
2026-02-11,SUP004,Delta Manufacturing,China,0.94,P005,Battery Cells,Energy,840,687,2094,10,10,0,0,123.47,1658.66,0.166,0.818,105373.46,122727.79,5998.82,Medium,0,0,0,0,0.8179,153,1,0.4011,0.4011,0.06,125.44,17354.33,4340.16,0,Low,0,0,0.0,650.0,814.0
2026-02-11,SUP008,Theta Components,Singapore,0.93,P006,Sensors,Electronics,1137,1409,2080,7,7,0,0,139.02,2760.67,0.099,1.239,160826.41,176611.57,11052.77,Low,0,0,0,0,1.2392,-272,0,0.5466,0.5466,0.07,141.45,15785.16,8292.1,0,Low,0,0,1.0,1012.8,1115.0
2026-02-11,SUP007,Eta Systems,India,0.95,P007,Power Modules,Electronics,543,525,1285,3,8,1,5,113.17,2682.58,0.063,0.967,64133.89,68089.82,12054.46,High,0,0,0,0,0.9669,18,1,0.4226,0.4226,0.05,118.11,3955.93,9371.88,5,High,0,0,0.0,763.8,1015.5
2026-02-11,SUP003,Gamma Semiconductors,Taiwan,0.89,P008,Circuit Boards,Electronics,856,717,2405,11,22,1,11,72.87,4305.5,0.067,0.838,66682.22,71005.69,12307.64,High,0,0,0,0,0.8376,139,1,0.3559,0.3559,0.11,77.9,4323.47,8002.14,11,High,0,0,1.5,1173.8,1967.2
2026-02-18,SUP005,Epsilon Tech,Malaysia,0.91,P001,Microchips,Electronics,856,694,1179,10,10,0,0,127.85,1680.84,0.113,0.811,111120.44,123582.08,4619.18,Medium,0,0,0,0,0.8107,162,1,0.726,0.726,0.09,129.81,12461.64,2938.34,0,Low,0,0,0.0,1065.5,1570.8
2026-02-18,SUP006,Zeta Industrial,South Korea,0.97,P002,Processors,Electronics,951,836,1721,11,11,0,0,22.13,3949.68,0.195,0.879,24995.31,29484.3,18490.01,Medium,0,0,0,0,0.8791,115,1,0.5526,0.5526,0.03,26.28,4488.99,14540.33,0,Low,0,0,0.0,985.2,734.0
2026-02-18,SUP004,Delta Manufacturing,China,0.94,P003,Memory Modules,Electronics,1324,2380,2289,8,8,0,0,45.66,1263.92,0.064,1.798,61717.76,65627.25,5095.48,Low,0,0,0,0,1.7976,-1056,0,0.5784,0.5784,0.06,46.61,3909.49,3831.56,0,Low,0,0,0.0,1182.8,1694.8
2026-02-18,SUP003,Gamma Semiconductors,Taiwan,0.89,P004,Display Panels,Electronics,929,1197,1056,15,30,1,15,39.29,2818.87,0.065,1.288,39319.28,41783.42,12351.75,High,0,0,0,1,1.2885,-268,0,0.8797,0.8797,0.11,42.32,2464.14,9532.88,15,High,0,0,0.0,709.5,771.5
2026-02-18,SUP001,Alpha Components,India,0.96,P005,Battery Cells,Energy,507,1271,2167,5,5,0,0,105.0,4696.55,0.136,2.507,57931.55,65490.88,10824.73,Low,0,0,0,0,2.5069,-764,0,0.234,0.234,0.04,114.26,7559.33,6128.18,0,Low,0,0,0.0,840.5,1266.8
2026-02-18,SUP007,Eta Systems,India,0.95,P006,Sensors,Electronics,887,847,1528,6,6,0,0,110.13,1721.98,0.097,0.955,99407.29,108966.28,8112.37,Medium,0,0,0,0,0.9549,40,1,0.5805,0.5805,0.05,112.07,9558.99,6390.39,0,Low,0,0,2.75,1034.2,1026.2
2026-02-18,SUP008,Theta Components,Singapore,0.93,P007,Power Modules,Electronics,762,599,2163,8,8,0,0,115.42,2633.71,0.084,0.786,90583.75,98082.17,9446.39,Medium,0,0,0,0,0.7861,163,1,0.3523,0.3523,0.07,118.88,7498.42,6812.68,0,Low,0,0,0.0,654.5,603.8
2026-02-18,SUP002,Beta Electronics,Vietnam,0.92,P008,Circuit Boards,Electronics,1295,1276,2460,13,13,0,0,143.2,2038.4,0.198,0.985,187482.4,224402.11,10637.38,Medium,0,0,0,0,0.9853,19,1,0.5264,0.5264,0.08,144.77,36919.71,8598.98,0,Low,0,0,2.0,1552.0,1080.0
2026-02-25,SUP003,Gamma Semiconductors,Taiwan,0.89,P001,Microchips,Electronics,1152,2993,2596,15,15,0,0,25.15,4896.34,0.078,2.598,33869.14,36319.98,16041.39,Medium,0,0,0,0,2.5981,-1841,0,0.4438,0.4438,0.11,29.4,2450.84,11145.05,0,Low,8,1,5.75,1353.5,2637.5
2026-02-25,SUP005,Epsilon Tech,Malaysia,0.91,P002,Processors,Electronics,1119,536,1608,8,8,0,0,107.51,3943.92,0.189,0.479,124247.61,147357.71,11496.03,High,0,0,0,0,0.479,583,1,0.6959,0.6959,0.09,111.03,23110.1,7552.11,0,Low,0,0,1.5,921.5,764.2
2026-02-25,SUP007,Eta Systems,India,0.95,P003,Memory Modules,Electronics,1198,937,1420,5,5,0,0,138.43,711.47,0.101,0.782,166550.61,183336.29,3599.96,Medium,0,0,0,0,0.7821,261,1,0.8437,0.8437,0.05,139.02,16785.68,2888.49,0,Low,0,0,0.0,977.8,709.5
2026-02-25,SUP008,Theta Components,Singapore,0.93,P004,Display Panels,Electronics,500,1244,2062,4,4,0,0,39.07,1967.99,0.163,2.488,21502.99,24847.59,6358.32,Low,0,0,0,0,2.488,-744,0,0.2425,0.2425,0.07,43.01,3344.6,4390.33,0,Low,0,0,0.0,642.5,1067.5
2026-02-25,SUP006,Zeta Industrial,South Korea,0.97,P005,Battery Cells,Energy,828,1159,1533,9,9,0,0,49.07,2162.09,0.15,1.4,42792.05,49048.7,6518.1,Low,0,0,0,0,1.3998,-331,0,0.5401,0.5401,0.03,51.68,6256.65,4356.01,0,Low,8,1,2.0,851.2,1331.0
2026-02-25,SUP004,Delta Manufacturing,China,0.94,P006,Sensors,Electronics,869,1880,2313,11,24,1,13,66.32,2770.87,0.051,2.163,60402.95,63412.84,11318.63,High,0,0,0,1,2.1634,-1011,0,0.3757,0.3757,0.06,69.51,3009.89,8547.76,13,High,5,1,3.25,1115.0,1004.5
2026-02-25,SUP001,Alpha Components,India,0.96,P007,Power Modules,Electronics,978,962,1738,4,4,0,0,129.67,2600.95,0.104,0.984,129418.21,142742.45,10058.91,Medium,0,0,0,0,0.9836,16,1,0.5627,0.5627,0.04,132.33,13324.24,7457.96,0,Low,0,0,0.0,688.5,766.0
2026-02-25,SUP002,Beta Electronics,Vietnam,0.92,P008,Circuit Boards,Electronics,1759,1724,2136,11,11,0,0,130.64,4985.64,0.114,0.98,234781.4,261262.3,12143.38,Medium,0,0,1,0,0.9801,35,1,0.8235,0.8235,0.08,133.47,26480.9,7157.74,0,Low,0,0,1.5,1487.8,1129.0
2026-03-04,SUP006,Zeta Industrial,South Korea,0.97,P001,Microchips,Electronics,883,1364,1306,10,10,0,0,74.66,4360.36,0.096,1.545,70285.14,76823.22,10918.94,Low,0,0,0,0,1.5447,-481,0,0.6761,0.6761,0.03,79.6,6538.08,6558.58,0,Low,0,0,2.25,1382.0,1926.8
2026-03-04,SUP001,Alpha Components,India,0.96,P002,Processors,Electronics,1017,1375,2319,2,2,0,0,55.25,4729.66,0.101,1.352,60918.91,66832.87,21486.99,Low,0,0,0,0,1.352,-358,0,0.4386,0.4386,0.04,59.9,5913.96,16757.33,0,Low,0,0,0.0,864.8,1468.0
2026-03-04,SUP005,Epsilon Tech,Malaysia,0.91,P003,Memory Modules,Electronics,1030,797,1452,14,14,0,0,15.12,935.13,0.158,0.774,16508.73,19043.23,3630.48,Medium,0,0,0,0,0.7738,233,1,0.7094,0.7094,0.09,16.03,2534.5,2695.35,0,Low,0,0,0.75,1222.5,1057.2
2026-03-04,SUP003,Gamma Semiconductors,Taiwan,0.89,P004,Display Panels,Electronics,448,553,2168,16,16,0,0,140.89,2556.77,0.094,1.234,65675.49,71728.82,8573.58,Medium,0,0,0,0,1.2344,-105,0,0.2066,0.2066,0.11,146.6,6053.33,6016.81,0,Low,15,1,3.75,718.5,901.0
2026-03-04,SUP002,Beta Electronics,Vietnam,0.92,P005,Battery Cells,Energy,1008,862,1645,11,11,0,0,119.5,2693.33,0.192,0.855,123149.33,146535.44,7633.64,Medium,0,0,0,0,0.8552,146,1,0.6128,0.6128,0.08,122.17,23386.11,4940.31,0,Low,0,0,0.0,636.2,1002.2
2026-03-04,SUP008,Theta Components,Singapore,0.93,P006,Sensors,Electronics,1071,2740,2015,6,6,0,0,90.34,1771.48,0.092,2.558,98525.62,107508.49,7585.97,Low,0,0,0,0,2.5584,-1669,0,0.5315,0.5315,0.07,91.99,8982.87,5814.49,0,Low,0,0,0.0,1023.8,1217.0
2026-03-04,SUP007,Eta Systems,India,0.95,P007,Power Modules,Electronics,886,735,1476,2,2,0,0,80.49,1664.57,0.097,0.83,72978.71,79976.91,4632.64,Medium,0,0,0,0,0.8296,151,1,0.6003,0.6003,0.05,82.37,6998.2,2968.07,0,Low,5,1,1.25,691.2,879.0
2026-03-04,SUP004,Delta Manufacturing,China,0.94,P008,Circuit Boards,Electronics,1172,1090,2172,7,7,0,0,104.52,3065.82,0.142,0.93,125563.26,143175.57,15010.07,Medium,0,0,0,0,0.93,82,1,0.5396,0.5396,0.06,107.14,17612.31,11944.25,0,Low,0,0,0.0,1203.0,1737.0
2026-03-11,SUP006,Zeta Industrial,South Korea,0.97,P001,Microchips,Electronics,1222,2363,1879,9,9,0,0,15.91,1081.51,0.059,1.934,20523.53,21702.51,5470.29,Low,0,0,0,0,1.9337,-1141,0,0.6503,0.6503,0.03,16.8,1178.98,4388.78,0,Low,0,0,0.0,1323.5,2016.8
2026-03-11,SUP005,Epsilon Tech,Malaysia,0.91,P002,Processors,Electronics,745,320,1306,13,13,0,0,94.81,2169.38,0.166,0.43,72802.83,84708.04,5967.1,High,0,0,0,0,0.4295,425,1,0.5704,0.5704,0.09,97.72,11905.21,3797.72,0,Low,0,0,1.5,949.2,802.8
2026-03-11,SUP001,Alpha Components,India,0.96,P003,Memory Modules,Electronics,1134,1051,1787,5,5,0,0,89.86,2039.31,0.171,0.927,103940.55,121540.02,6352.71,Medium,0,0,0,0,0.9268,83,1,0.6346,0.6346,0.04,91.66,17599.47,4313.4,0,Low,0,0,0.0,1140.0,1678.2
2026-03-11,SUP008,Theta Components,Singapore,0.93,P004,Display Panels,Electronics,921,694,2170,8,8,0,0,71.26,4851.36,0.136,0.754,70481.82,79737.46,19899.26,Medium,0,0,0,0,0.7535,227,1,0.4244,0.4244,0.07,76.53,9255.64,15047.9,0,Low,0,0,0.0,599.8,918.8
2026-03-11,SUP004,Delta Manufacturing,China,0.94,P005,Battery Cells,Energy,481,466,1627,7,7,0,0,21.13,2560.55,0.109,0.969,12724.08,13971.45,10594.39,Medium,0,0,0,0,0.9688,15,1,0.2956,0.2956,0.06,26.45,1247.37,8033.84,0,Low,0,0,0.0,670.5,657.8
2026-03-11,SUP002,Beta Electronics,Vietnam,0.92,P006,Sensors,Electronics,954,1367,2402,9,9,0,0,53.86,4500.55,0.074,1.433,55882.99,59851.81,11305.63,Medium,0,0,0,0,1.4329,-413,0,0.3972,0.3972,0.08,58.58,3968.82,6805.08,0,Low,0,0,0.0,1062.8,1485.5
2026-03-11,SUP007,Eta Systems,India,0.95,P007,Power Modules,Electronics,803,587,1603,2,2,0,0,52.82,2709.59,0.098,0.731,45124.05,49413.44,7303.27,Medium,0,0,0,0,0.731,216,1,0.5009,0.5009,0.05,56.19,4289.39,4593.68,0,Low,0,0,1.25,707.0,846.2
2026-03-11,SUP003,Gamma Semiconductors,Taiwan,0.89,P008,Circuit Boards,Electronics,1707,1415,2477,15,15,0,0,119.66,2322.99,0.05,0.829,206582.61,216853.67,11602.25,Medium,0,0,0,0,0.8289,292,1,0.6891,0.6891,0.11,121.02,10271.06,9279.26,0,Low,11,1,2.75,1045.0,1742.2
2026-03-18,SUP003,Gamma Semiconductors,Taiwan,0.89,P001,Microchips,Electronics,978,1030,1417,11,11,0,0,51.97,4720.22,0.152,1.053,55546.88,63631.27,10923.85,Medium,0,0,0,0,1.0532,-52,0,0.6902,0.6902,0.11,56.8,8084.39,6203.63,0,Low,0,0,2.0,1388.0,3142.2
2026-03-18,SUP004,Delta Manufacturing,China,0.94,P002,Processors,Electronics,642,497,1887,7,7,0,0,49.14,1574.38,0.082,0.774,33122.26,35773.74,5707.38,Medium,0,0,0,0,0.7741,145,1,0.3402,0.3402,0.06,51.59,2651.48,4133.0,0,Low,0,0,2.0,911.8,994.5
2026-03-18,SUP001,Alpha Components,India,0.96,P003,Memory Modules,Electronics,1076,2717,2035,4,4,0,0,42.32,806.17,0.098,2.525,46342.49,50844.55,3859.87,Low,0,0,0,0,2.5251,-1641,0,0.5287,0.5287,0.04,43.07,4502.06,3053.7,0,Low,0,0,0.0,1147.8,1276.8
2026-03-18,SUP005,Epsilon Tech,Malaysia,0.91,P004,Display Panels,Electronics,695,1723,1460,14,14,0,0,33.97,1545.82,0.145,2.479,25154.97,28690.37,7972.03,Medium,0,0,0,0,2.4791,-1028,0,0.476,0.476,0.09,36.19,3535.4,6426.21,0,Low,0,0,2.5,722.5,886.2
2026-03-18,SUP006,Zeta Industrial,South Korea,0.97,P005,Battery Cells,Energy,465,442,1919,11,11,0,0,123.25,1822.63,0.117,0.951,59133.88,65945.92,7409.25,Medium,0,0,0,0,0.9505,23,1,0.2423,0.2423,0.03,127.17,6812.04,5586.62,0,Low,0,0,2.0,920.0,1305.2
2026-03-18,SUP002,Beta Electronics,Vietnam,0.92,P006,Sensors,Electronics,1250,1115,2236,13,13,0,0,64.34,2440.45,0.135,0.892,82865.45,93887.56,6143.8,Medium,0,0,0,0,0.892,135,1,0.559,0.559,0.08,66.29,11022.11,3703.35,0,Low,0,0,0.0,1012.5,1599.8
2026-03-18,SUP008,Theta Components,Singapore,0.93,P007,Power Modules,Electronics,717,936,1622,3,3,0,0,81.66,730.24,0.085,1.305,59280.46,64288.26,3227.36,Low,0,0,0,0,1.3054,-219,0,0.442,0.442,0.07,82.68,5007.8,2497.12,0,Low,0,0,0.0,710.0,650.8
2026-03-18,SUP007,Eta Systems,India,0.95,P008,Circuit Boards,Electronics,1246,1361,1615,2,2,0,0,50.31,2547.84,0.075,1.092,65234.1,70031.11,8852.62,Low,0,0,0,0,1.0923,-115,0,0.7715,0.7715,0.05,52.35,4797.01,6304.78,0,Low,0,0,3.5,1332.5,1506.2
2026-03-25,SUP005,Epsilon Tech,Malaysia,0.91,P001,Microchips,Electronics,1168,2105,1116,8,16,1,8,20.11,4397.83,0.125,1.802,27886.31,31097.23,12678.46,High,0,0,0,0,1.8022,-937,0,1.0466,1.0466,0.09,23.88,3210.92,8280.63,8,High,0,0,0.0,1019.2,1082.0
2026-03-25,SUP007,Eta Systems,India,0.95,P002,Processors,Electronics,1184,1641,1887,7,7,0,0,77.37,2858.88,0.15,1.386,94464.96,108420.29,9780.28,Low,0,0,0,0,1.386,-457,0,0.6275,0.6275,0.05,79.78,13955.33,6921.4,0,Low,0,0,3.75,1045.0,1160.2
2026-03-25,SUP003,Gamma Semiconductors,Taiwan,0.89,P003,Memory Modules,Electronics,891,530,1180,14,26,1,12,96.26,1489.38,0.117,0.595,87257.04,97378.98,6965.31,High,0,0,0,1,0.5948,361,1,0.7551,0.7551,0.11,97.93,10121.94,5475.93,12,High,0,0,0.0,1058.5,1906.5
2026-03-25,SUP001,Alpha Components,India,0.96,P004,Display Panels,Electronics,852,2298,1970,3,3,0,0,89.25,4695.57,0.179,2.697,80736.57,94768.16,11784.77,Low,0,0,0,0,2.6972,-1446,0,0.4325,0.4325,0.04,94.76,14031.59,7089.2,0,Low,0,0,0.0,574.7,1104.7
2026-03-25,SUP004,Delta Manufacturing,China,0.94,P005,Battery Cells,Energy,402,390,2215,6,6,0,0,18.64,1503.54,0.111,0.97,8996.82,9912.02,4376.4,Medium,1,0,0,0,0.9701,12,1,0.1815,0.1815,0.06,22.38,915.2,2872.86,0,Low,0,0,0.0,650.8,590.5
2026-03-25,SUP008,Theta Components,Singapore,0.93,P006,Sensors,Electronics,863,1841,2234,4,4,0,0,44.22,3955.44,0.163,2.133,42117.3,48660.05,13843.47,Low,0,0,0,0,2.1333,-978,0,0.3863,0.3863,0.07,48.8,6542.75,9888.03,0,Low,0,0,0.0,1093.5,1541.2
2026-03-25,SUP002,Beta Electronics,Vietnam,0.92,P007,Power Modules,Electronics,885,477,1409,10,10,0,0,73.83,4029.22,0.192,0.539,69368.77,82300.77,11326.82,High,0,0,0,0,0.539,408,1,0.6281,0.6281,0.08,78.38,12932.0,7297.6,0,Low,11,1,2.75,625.8,653.0
2026-03-25,SUP006,Zeta Industrial,South Korea,0.97,P008,Circuit Boards,Electronics,884,853,1148,8,8,0,0,58.45,3571.3,0.149,0.965,55241.1,63205.96,13799.01,Medium,0,0,0,0,0.9649,31,1,0.77,0.77,0.03,62.49,7964.86,10227.71,0,Low,0,0,0.0,1297.0,1568.8
2026-04-01,SUP007,Eta Systems,India,0.95,P001,Microchips,Electronics,1220,3122,1458,4,12,1,8,112.63,2754.68,0.136,2.559,140163.28,159038.17,8801.58,High,0,0,0,0,2.559,-1902,0,0.8368,0.8368,0.05,114.89,18874.89,6046.9,8,High,12,1,3.0,1170.8,2210.2
2026-04-01,SUP002,Beta Electronics,Vietnam,0.92,P002,Processors,Electronics,1005,899,1975,11,16,1,5,97.61,612.43,0.158,0.895,98710.48,114258.35,3776.08,High,0,0,0,0,0.8945,106,1,0.5089,0.5089,0.08,98.22,15547.87,3163.65,5,High,0,0,0.0,866.8,1334.5
2026-04-01,SUP001,Alpha Components,India,0.96,P003,Memory Modules,Electronics,1297,2619,1748,7,7,0,0,90.71,1339.66,0.078,2.019,118990.53,128219.54,4411.68,Low,0,0,0,0,2.0193,-1322,0,0.742,0.742,0.04,91.74,9229.01,3072.02,0,Low,0,0,0.0,1117.0,1629.2
2026-04-01,SUP004,Delta Manufacturing,China,0.94,P004,Display Panels,Electronics,806,273,2316,11,11,0,0,149.76,2936.13,0.093,0.339,123642.69,135004.93,14269.5,High,0,0,1,0,0.3387,533,1,0.348,0.348,0.06,153.4,11362.24,11333.37,0,Low,0,0,0.0,677.2,1161.5
2026-04-01,SUP003,Gamma Semiconductors,Taiwan,0.89,P005,Battery Cells,Energy,940,2160,1987,14,14,0,0,105.9,1777.09,0.154,2.298,101323.09,116790.01,6513.59,Medium,0,0,0,0,2.2979,-1220,0,0.4731,0.4731,0.11,107.79,15466.92,4736.5,0,Low,13,1,6.25,637.0,844.0
2026-04-01,SUP006,Zeta Industrial,South Korea,0.97,P006,Sensors,Electronics,828,1325,1941,10,10,0,0,90.18,3282.28,0.167,1.6,77951.32,90695.12,13312.55,Low,0,0,0,0,1.6002,-497,0,0.4266,0.4266,0.03,94.14,12743.8,10030.27,0,Low,0,0,0.0,1075.5,1076.8
2026-04-01,SUP005,Epsilon Tech,Malaysia,0.91,P007,Power Modules,Electronics,703,1750,1661,7,7,0,0,52.61,4810.87,0.055,2.489,41795.7,43962.16,16232.48,Medium,0,0,0,0,2.4893,-1047,0,0.4232,0.4232,0.09,59.45,2166.46,11421.61,0,Low,4,1,1.0,767.8,1346.0
2026-04-01,SUP008,Theta Components,Singapore,0.93,P008,Circuit Boards,Electronics,845,649,1922,5,20,1,15,38.06,1149.08,0.164,0.768,33309.78,38678.36,5449.64,High,0,0,0,0,0.768,196,1,0.4396,0.4396,0.07,39.42,5368.58,4300.56,15,High,0,0,0.0,1520.2,3177.0
2026-04-08,SUP006,Zeta Industrial,South Korea,0.97,P001,Microchips,Electronics,1070,1007,1860,7,7,0,0,71.61,2324.62,0.198,0.941,78947.32,94348.75,7357.98,Medium,0,0,0,0,0.9411,63,1,0.5753,0.5753,0.03,73.78,15401.43,5033.36,0,Low,0,0,0.0,1294.2,2343.8
2026-04-08,SUP004,Delta Manufacturing,China,0.94,P002,Processors,Electronics,727,1309,2438,12,12,0,0,35.93,4762.85,0.081,1.801,30883.96,33192.67,16558.32,Low,0,0,0,0,1.8006,-582,0,0.2982,0.2982,0.06,42.48,2308.71,11795.47,0,Low,0,0,0.0,898.2,1000.5
2026-04-08,SUP005,Epsilon Tech,Malaysia,0.91,P003,Memory Modules,Electronics,1075,1433,1497,4,4,0,0,18.09,4182.39,0.1,1.333,23629.14,25782.93,15200.9,Medium,0,0,0,0,1.333,-358,0,0.7181,0.7181,0.09,21.98,2153.79,11018.51,0,Low,0,0,0.0,1196.5,1071.8
2026-04-08,SUP002,Beta Electronics,Vietnam,0.92,P004,Display Panels,Electronics,724,404,1506,9,9,0,0,85.39,890.52,0.086,0.558,62712.88,68067.9,2814.77,High,0,0,0,0,0.558,320,1,0.4807,0.4807,0.08,86.62,5355.02,1924.25,0,Low,6,1,1.5,697.5,1263.2
2026-04-08,SUP007,Eta Systems,India,0.95,P005,Battery Cells,Energy,933,2048,1265,6,13,1,7,69.2,2797.34,0.071,2.195,67360.94,72044.26,9298.32,High,0,0,0,0,2.1951,-1115,0,0.7375,0.7375,0.05,72.2,4683.32,6500.98,7,High,0,0,0.0,581.0,627.8
2026-04-08,SUP001,Alpha Components,India,0.96,P006,Sensors,Electronics,1213,598,2255,2,2,0,0,105.51,1596.27,0.17,0.493,129579.9,151472.8,5916.8,High,0,0,0,0,0.493,615,1,0.5379,0.5379,0.04,106.83,21892.9,4320.53,0,Low,0,0,0.0,985.0,1260.0
2026-04-08,SUP003,Gamma Semiconductors,Taiwan,0.89,P007,Power Modules,Electronics,728,1276,2411,16,23,1,7,116.22,4712.79,0.191,1.753,89320.95,105931.18,12143.14,High,0,0,0,0,1.7527,-548,0,0.3019,0.3019,0.11,122.69,16610.23,7430.35,7,High,0,0,0.0,698.5,1025.2
2026-04-08,SUP008,Theta Components,Singapore,0.93,P008,Circuit Boards,Electronics,1728,2549,1727,6,6,0,0,110.39,1657.19,0.158,1.475,192411.11,222681.15,5795.62,Low,0,0,0,0,1.4751,-821,0,1.0006,1.0006,0.07,111.35,30270.04,4138.43,0,Low,15,1,3.75,1365.2,2946.2
2026-04-15,SUP005,Epsilon Tech,Malaysia,0.91,P001,Microchips,Electronics,874,2202,2293,13,28,1,15,90.3,4606.72,0.077,2.519,83528.92,89783.29,10299.97,High,0,0,0,1,2.5195,-1328,0,0.3812,0.3812,0.09,95.57,6254.37,5693.25,15,High,8,1,2.0,973.2,1449.5
2026-04-15,SUP007,Eta Systems,India,0.95,P002,Processors,Electronics,1010,906,1907,5,5,0,0,79.41,4078.0,0.07,0.897,84282.1,90039.12,19377.78,Medium,0,0,0,0,0.897,104,1,0.5296,0.5296,0.05,83.45,5757.02,15299.78,0,Low,0,0,3.75,1103.0,1290.2
2026-04-15,SUP003,Gamma Semiconductors,Taiwan,0.89,P003,Memory Modules,Electronics,831,606,2312,13,13,0,0,36.93,1672.98,0.064,0.729,32361.81,34379.43,5968.34,Medium,0,0,0,0,0.7292,225,1,0.3594,0.3594,0.11,38.94,2017.62,4295.36,0,Low,12,1,3.0,1013.5,1569.8
2026-04-15,SUP004,Delta Manufacturing,China,0.94,P004,Display Panels,Electronics,936,1162,2364,12,12,0,0,17.95,754.82,0.068,1.241,17556.02,18724.17,4650.76,Low,0,0,0,0,1.2415,-226,0,0.3959,0.3959,0.06,18.76,1168.15,3895.94,0,Low,0,0,0.0,697.0,1072.5
2026-04-15,SUP006,Zeta Industrial,South Korea,0.97,P005,Battery Cells,Energy,1021,558,1157,13,13,0,0,59.29,3367.86,0.061,0.547,63902.95,67698.31,10824.47,High,0,0,0,0,0.5465,463,1,0.8825,0.8825,0.03,62.59,3795.36,7456.61,0,Low,0,0,2.0,794.0,1159.8
2026-04-15,SUP001,Alpha Components,India,0.96,P006,Sensors,Electronics,1096,2661,2014,6,6,0,0,63.42,4509.6,0.172,2.428,74017.92,86361.18,17360.27,Low,0,0,0,0,2.4279,-1565,0,0.5442,0.5442,0.04,67.53,12343.26,12850.67,0,Low,0,0,0.0,1108.2,1245.8
2026-04-15,SUP008,Theta Components,Singapore,0.93,P007,Power Modules,Electronics,853,752,2085,5,13,1,8,47.35,2523.55,0.102,0.882,42913.1,47161.54,7237.52,High,0,0,0,0,0.8816,101,1,0.4091,0.4091,0.07,50.31,4248.44,4713.97,8,High,0,0,0.0,734.2,699.5
2026-04-15,SUP002,Beta Electronics,Vietnam,0.92,P008,Circuit Boards,Electronics,1624,4044,2402,14,14,0,0,56.76,585.95,0.153,2.49,92764.19,106912.29,5548.19,Medium,0,1,0,0,2.4901,-2420,0,0.6761,0.6761,0.08,57.12,14148.1,4962.24,0,Low,0,0,0.0,1478.5,1397.0
2026-04-22,SUP004,Delta Manufacturing,China,0.94,P001,Microchips,Electronics,1499,1431,1567,6,6,0,0,123.47,3147.94,0.082,0.955,188229.47,203535.22,10365.85,Medium,0,0,0,0,0.9546,68,1,0.9566,0.9566,0.06,125.57,15305.75,7217.91,0,Low,0,0,1.5,1276.5,2514.5
2026-04-22,SUP007,Eta Systems,India,0.95,P002,Processors,Electronics,831,791,1332,2,2,0,0,15.51,3655.15,0.058,0.952,16543.96,17397.51,16283.42,Medium,0,0,0,0,0.9519,40,1,0.6239,0.6239,0.05,19.91,853.55,12628.27,0,Low,0,0,3.75,1103.8,1294.0
2026-04-22,SUP001,Alpha Components,India,0.96,P003,Memory Modules,Electronics,1221,2932,2397,7,11,1,4,91.25,2715.65,0.079,2.401,114131.9,123041.05,9583.12,High,0,0,0,0,2.4013,-1711,0,0.5094,0.5094,0.04,93.47,8909.15,6867.47,4,High,0,0,0.0,1106.2,2156.2
2026-04-22,SUP005,Epsilon Tech,Malaysia,0.91,P004,Display Panels,Electronics,469,869,1149,6,6,0,0,135.61,2554.29,0.072,1.853,66155.38,70826.61,11090.2,Medium,0,0,0,0,1.8529,-400,0,0.4082,0.4082,0.09,141.06,4671.23,8535.91,0,Low,0,0,2.5,791.2,1215.8
2026-04-22,SUP002,Beta Electronics,Vietnam,0.92,P005,Battery Cells,Energy,793,391,1450,14,14,0,0,108.88,2385.16,0.128,0.493,88727.0,99931.41,6739.51,High,0,0,0,0,0.4931,402,1,0.5469,0.5469,0.08,111.89,11204.41,4354.35,0,Low,0,0,0.0,715.2,1121.5
2026-04-22,SUP008,Theta Components,Singapore,0.93,P006,Sensors,Electronics,1131,1348,1803,8,8,0,0,144.63,4840.2,0.093,1.192,168416.73,183854.42,17065.35,Low,0,0,0,0,1.1919,-217,0,0.6273,0.6273,0.07,148.91,15437.69,12225.15,0,Low,0,0,0.0,1092.5,1830.2
2026-04-22,SUP006,Zeta Industrial,South Korea,0.97,P007,Power Modules,Electronics,591,672,1128,7,17,1,10,63.29,3796.76,0.153,1.137,41201.15,47214.47,9569.57,High,0,0,0,0,1.1371,-81,0,0.5239,0.5239,0.03,69.71,6013.32,5772.81,10,High,0,0,0.0,830.0,535.5
2026-04-22,SUP003,Gamma Semiconductors,Taiwan,0.89,P008,Circuit Boards,Electronics,1813,1392,2367,12,12,0,0,22.72,3660.82,0.095,0.768,44852.18,48939.25,13478.64,Medium,1,0,0,0,0.7678,421,1,0.7659,0.7659,0.11,24.74,4087.07,9817.82,0,Low,0,0,2.75,1191.8,1336.2
2026-04-29,SUP001,Alpha Components,India,0.96,P001,Microchips,Electronics,1567,572,2292,7,7,0,0,60.36,3963.79,0.172,0.365,98547.91,115157.26,14736.74,High,0,0,0,0,0.365,995,1,0.6837,0.6837,0.04,62.89,16609.35,10772.95,0,Low,0,0,0.0,1010.0,956.0
2026-04-29,SUP004,Delta Manufacturing,China,0.94,P002,Processors,Electronics,747,1380,2214,6,6,0,0,20.41,4714.22,0.174,1.847,19960.49,23023.48,18410.71,Low,0,0,0,0,1.8474,-633,0,0.3374,0.3374,0.06,26.72,3062.99,13696.49,0,Low,0,0,0.0,845.8,1157.8
2026-04-29,SUP006,Zeta Industrial,South Korea,0.97,P003,Memory Modules,Electronics,1014,986,2281,10,13,1,3,61.54,4842.18,0.091,0.972,67243.74,73142.6,15869.37,High,0,0,0,0,0.9724,28,1,0.4445,0.4445,0.03,66.32,5898.86,11027.19,3,Medium,0,0,0.0,1132.5,2231.0
2026-04-29,SUP008,Theta Components,Singapore,0.93,P004,Display Panels,Electronics,430,388,2466,4,4,0,0,102.56,4201.96,0.052,0.902,48302.76,50705.25,13756.01,Medium,0,0,0,0,0.9023,42,1,0.1744,0.1744,0.07,112.33,2402.49,9554.05,0,Low,0,0,0.0,706.8,985.5
2026-04-29,SUP005,Epsilon Tech,Malaysia,0.91,P005,Battery Cells,Energy,654,375,2340,5,5,0,0,37.85,1955.49,0.173,0.573,26709.39,31160.96,7535.49,High,0,0,0,0,0.5734,279,1,0.2795,0.2795,0.09,40.84,4451.57,5580.0,0,Low,0,0,1.0,684.5,1137.5
2026-04-29,SUP002,Beta Electronics,Vietnam,0.92,P006,Sensors,Electronics,1259,702,2120,10,10,0,0,45.8,641.04,0.068,0.558,58303.24,62246.06,5134.94,High,0,0,0,0,0.5576,557,1,0.5939,0.5939,0.08,46.31,3942.82,4493.9,0,Low,0,0,0.0,1076.8,1570.8
2026-04-29,SUP003,Gamma Semiconductors,Taiwan,0.89,P007,Power Modules,Electronics,568,1429,2495,11,11,0,0,123.73,1673.04,0.095,2.516,71951.68,78707.62,4402.55,Medium,0,0,0,0,2.5158,-861,0,0.2277,0.2277,0.11,126.68,6755.94,2729.51,0,Low,7,1,1.75,705.0,893.8
2026-04-29,SUP007,Eta Systems,India,0.95,P008,Circuit Boards,Electronics,1055,1201,2191,5,5,0,0,110.24,955.25,0.143,1.138,117258.45,133958.11,4839.23,Low,0,0,0,0,1.1384,-146,0,0.4815,0.4815,0.05,111.15,16699.66,3883.98,0,Low,0,0,0.0,1270.2,1523.8
2026-05-06,SUP003,Gamma Semiconductors,Taiwan,0.89,P001,Microchips,Electronics,945,1155,1515,12,16,1,4,72.36,4339.29,0.137,1.222,72719.49,82384.82,9849.41,High,0,0,0,0,1.2222,-210,0,0.6238,0.6238,0.11,76.95,9665.33,5510.12,4,High,0,0,2.0,1231.5,2627.0
2026-05-06,SUP006,Zeta Industrial,South Korea,0.97,P002,Processors,Electronics,828,666,1156,10,10,0,0,128.44,2718.42,0.121,0.804,109066.74,122099.35,9971.76,Medium,0,0,0,0,0.8043,162,1,0.7163,0.7163,0.03,131.72,13032.61,7253.34,0,Low,0,0,0.0,1024.5,818.0
2026-05-06,SUP008,Theta Components,Singapore,0.93,P003,Memory Modules,Electronics,1287,1085,2283,2,2,0,0,136.99,3220.58,0.129,0.843,179526.71,202477.93,13281.39,Medium,0,0,0,0,0.843,202,1,0.5637,0.5637,0.07,139.49,22951.22,10060.81,0,Low,0,0,2.25,1182.5,1271.2
2026-05-06,SUP002,Beta Electronics,Vietnam,0.92,P004,Display Panels,Electronics,743,965,2058,6,11,1,5,85.26,2982.71,0.103,1.299,66330.89,73009.36,10389.97,High,0,0,0,0,1.2988,-222,0,0.361,0.361,0.08,89.27,6678.47,7407.26,5,High,0,0,1.5,754.2,1120.5
2026-05-06,SUP007,Eta Systems,India,0.95,P005,Battery Cells,Energy,627,483,2207,4,4,0,0,37.25,3691.83,0.053,0.77,27047.58,28383.27,11713.91,Medium,0,0,0,0,0.7703,144,1,0.2841,0.2841,0.05,43.14,1335.69,8022.08,0,Low,7,1,1.75,609.2,1011.5
2026-05-06,SUP005,Epsilon Tech,Malaysia,0.91,P006,Sensors,Electronics,1266,3298,1934,13,13,0,0,105.03,1326.04,0.173,2.605,134294.02,157412.18,5376.68,Medium,0,0,0,0,2.6051,-2032,0,0.6546,0.6546,0.09,106.08,23118.16,4050.64,0,Low,0,0,0.0,987.5,1145.8
2026-05-06,SUP001,Alpha Components,India,0.96,P007,Power Modules,Electronics,784,667,2117,5,5,0,0,35.83,4746.95,0.196,0.851,32837.67,38808.65,14700.9,Medium,0,0,0,0,0.8508,117,1,0.3703,0.3703,0.04,41.88,5970.98,9953.95,0,Low,0,0,0.0,760.2,599.5
2026-05-06,SUP004,Delta Manufacturing,China,0.94,P008,Circuit Boards,Electronics,1137,2448,2260,13,13,0,0,103.43,734.11,0.067,2.153,118334.02,126237.81,4169.88,Low,0,0,0,0,2.153,-1311,0,0.5031,0.5031,0.06,104.08,7903.79,3435.77,0,Low,0,0,0.0,1127.2,1746.5
2026-05-13,SUP002,Beta Electronics,Vietnam,0.92,P001,Microchips,Electronics,1412,2746,1988,7,7,0,0,98.65,3647.23,0.067,1.945,142941.03,152395.9,16541.25,Medium,0,0,0,0,1.9448,-1334,0,0.7103,0.7103,0.08,101.23,9454.87,12894.02,0,Low,0,0,0.0,1059.2,1791.8
2026-05-13,SUP008,Theta Components,Singapore,0.93,P002,Processors,Electronics,1053,1270,1222,3,3,0,0,80.74,2693.19,0.144,1.206,87712.41,100149.09,12932.32,Low,0,0,0,0,1.2061,-217,0,0.8617,0.8617,0.07,83.3,12436.68,10239.13,0,Low,0,0,0.0,731.0,1266.0
2026-05-13,SUP005,Epsilon Tech,Malaysia,0.91,P003,Memory Modules,Electronics,1259,490,2093,10,10,0,0,113.88,4980.29,0.15,0.389,148355.21,170234.97,17865.35,High,0,0,1,0,0.3892,769,1,0.6015,0.6015,0.09,117.84,21879.76,12885.06,0,Low,0,0,0.0,1159.5,1136.0
2026-05-13,SUP006,Zeta Industrial,South Korea,0.97,P004,Display Panels,Electronics,879,2246,1917,9,9,0,0,65.85,4939.56,0.058,2.555,62821.71,66322.12,11525.41,Low,0,0,1,0,2.5552,-1367,0,0.4585,0.4585,0.03,71.47,3500.41,6585.85,0,Low,0,0,0.0,616.2,1060.8
2026-05-13,SUP003,Gamma Semiconductors,Taiwan,0.89,P005,Battery Cells,Energy,642,404,1752,11,11,0,0,9.42,4470.84,0.136,0.629,10518.48,11644.98,12944.51,High,0,0,0,0,0.6293,238,1,0.3664,0.3664,0.11,16.38,1126.5,8473.67,0,Low,0,0,6.25,769.2,1162.0
2026-05-13,SUP004,Delta Manufacturing,China,0.94,P006,Sensors,Electronics,1179,547,1846,6,14,1,8,50.2,1110.32,0.072,0.464,60296.12,64597.47,6172.87,High,0,0,0,0,0.464,632,1,0.6387,0.6387,0.06,51.14,4301.35,5062.55,8,High,13,1,6.5,1017.5,1022.2
2026-05-13,SUP001,Alpha Components,India,0.96,P007,Power Modules,Electronics,789,1744,2179,7,7,0,0,138.73,921.35,0.193,2.21,110379.32,131593.62,3799.84,Low,0,0,0,0,2.2104,-955,0,0.3621,0.3621,0.04,139.9,21214.3,2878.49,0,Low,0,0,0.0,802.8,646.5
2026-05-13,SUP007,Eta Systems,India,0.95,P008,Circuit Boards,Electronics,1545,4050,2119,4,4,0,0,65.12,730.51,0.124,2.621,101340.91,113861.89,4005.37,Low,0,1,0,0,2.6214,-2505,0,0.7291,0.7291,0.05,65.59,12520.98,3274.86,0,Low,0,0,0.0,1243.8,1373.8
2026-05-20,SUP007,Eta Systems,India,0.95,P001,Microchips,Electronics,1127,1157,2326,6,6,0,0,108.43,1356.72,0.105,1.027,123557.33,136459.62,4975.59,Low,0,0,0,0,1.0266,-30,0,0.4845,0.4845,0.05,109.63,12902.29,3618.87,0,Low,8,1,5.0,1152.5,2732.5
2026-05-20,SUP008,Theta Components,Singapore,0.93,P002,Processors,Electronics,1035,898,2487,5,19,1,14,32.78,2204.17,0.176,0.868,36131.47,42296.64,9420.65,High,0,0,0,0,0.8676,137,1,0.4162,0.4162,0.07,34.91,6165.17,7216.48,14,High,0,0,0.0,776.0,1112.2
2026-05-20,SUP002,Beta Electronics,Vietnam,0.92,P003,Memory Modules,Electronics,1270,1749,1974,7,7,0,0,113.15,3906.17,0.141,1.377,147606.67,168143.83,11383.79,Medium,0,0,0,0,1.3772,-479,0,0.6434,0.6434,0.08,116.23,20537.16,7477.62,0,Low,0,0,1.0,1040.2,1278.5
2026-05-20,SUP006,Zeta Industrial,South Korea,0.97,P004,Display Panels,Electronics,802,640,2162,13,13,0,0,63.19,667.5,0.188,0.798,51345.88,60936.16,4273.7,Medium,0,0,0,0,0.798,162,1,0.371,0.371,0.03,64.02,9590.28,3606.2,0,Low,0,0,0.0,623.2,1280.8
2026-05-20,SUP001,Alpha Components,India,0.96,P005,Battery Cells,Energy,793,1010,1838,2,2,0,0,136.23,728.84,0.18,1.274,108759.23,128270.3,3771.27,Low,0,0,0,0,1.2736,-217,0,0.4314,0.4314,0.04,137.15,19511.07,3042.43,0,Low,0,0,0.0,821.8,1474.5
2026-05-20,SUP005,Epsilon Tech,Malaysia,0.91,P006,Sensors,Electronics,1078,2331,2245,4,4,0,0,144.55,3987.87,0.143,2.162,159812.77,182380.86,15437.31,Medium,0,0,0,0,2.1623,-1253,0,0.4802,0.4802,0.09,148.25,22568.09,11449.44,0,Low,0,0,0.0,1064.2,1695.5
2026-05-20,SUP004,Delta Manufacturing,China,0.94,P007,Power Modules,Electronics,626,1183,2327,6,6,0,0,37.47,3059.66,0.18,1.89,26515.88,31013.37,10214.13,Low,0,0,0,0,1.8898,-557,0,0.269,0.269,0.06,42.36,4497.49,7154.47,0,Low,0,0,0.0,787.5,1334.8
2026-05-20,SUP003,Gamma Semiconductors,Taiwan,0.89,P008,Circuit Boards,Electronics,936,2516,1375,16,16,0,0,131.27,4465.63,0.103,2.688,127334.35,140219.81,10883.73,Medium,0,0,0,0,2.688,-1580,0,0.6807,0.6807,0.11,136.04,12885.46,6418.1,0,Low,0,0,2.75,1341.5,972.8
2026-05-27,SUP004,Delta Manufacturing,China,0.94,P001,Microchips,Electronics,837,677,2359,13,13,0,0,93.35,4318.73,0.183,0.809,82452.68,97146.36,14540.33,Medium,0,0,0,0,0.8088,160,1,0.3548,0.3548,0.06,98.51,14693.68,10221.6,0,Low,0,0,0.0,1350.0,2678.8
2026-05-27,SUP002,Beta Electronics,Vietnam,0.92,P002,Processors,Electronics,558,482,1643,10,18,1,8,95.77,2792.79,0.132,0.864,56232.45,63470.81,8062.32,High,0,0,0,0,0.8638,76,1,0.3396,0.3396,0.08,100.78,7238.36,5269.53,8,High,5,1,1.25,919.0,1444.5
2026-05-27,SUP001,Alpha Components,India,0.96,P003,Memory Modules,Electronics,1321,1186,1868,3,6,1,3,147.01,2238.66,0.09,0.898,196438.87,214017.63,7802.33,High,0,0,0,0,0.8978,135,1,0.7072,0.7072,0.04,148.7,17578.76,5563.67,3,Medium,4,1,1.0,1182.0,2329.8
2026-05-27,SUP005,Epsilon Tech,Malaysia,0.91,P004,Display Panels,Electronics,759,633,1384,11,17,1,6,100.44,4210.33,0.113,0.834,80444.29,89296.61,9387.67,High,0,0,0,0,0.834,126,1,0.5484,0.5484,0.09,105.99,8852.32,5177.34,6,High,0,0,2.5,754.5,1348.8
2026-05-27,SUP007,Eta Systems,India,0.95,P005,Battery Cells,Energy,839,1096,2316,4,4,0,0,138.75,4857.89,0.131,1.306,121269.14,136837.21,16114.69,Low,0,0,0,0,1.3063,-257,0,0.3623,0.3623,0.05,144.54,15568.07,11256.8,0,Low,0,0,1.75,654.2,1036.2
2026-05-27,SUP003,Gamma Semiconductors,Taiwan,0.89,P006,Sensors,Electronics,1138,560,2436,10,10,0,0,97.38,1656.11,0.17,0.492,112474.55,131454.45,7490.97,High,0,0,0,0,0.4921,578,1,0.4672,0.4672,0.11,98.84,18979.9,5834.86,0,Low,7,1,1.75,1007.0,1478.0
2026-05-27,SUP008,Theta Components,Singapore,0.93,P007,Power Modules,Electronics,532,1105,2399,8,8,0,0,137.53,1442.07,0.056,2.077,74608.03,78745.7,6353.8,Low,0,0,0,0,2.0771,-573,0,0.2218,0.2218,0.07,140.24,4137.67,4911.73,0,Low,8,1,2.0,822.0,785.0
2026-05-27,SUP006,Zeta Industrial,South Korea,0.97,P008,Circuit Boards,Electronics,1039,399,1462,8,13,1,5,134.67,3797.95,0.126,0.384,143720.08,161589.54,17330.67,High,0,0,0,0,0.384,640,1,0.7107,0.7107,0.03,138.33,17869.46,13532.72,5,High,0,0,0.0,1056.0,1331.8
2026-06-03,SUP008,Theta Components,Singapore,0.93,P001,Microchips,Electronics,1136,980,1909,4,4,0,0,70.57,4356.28,0.153,0.863,84523.8,97122.69,18550.07,Medium,0,0,0,0,0.8627,156,1,0.5951,0.5951,0.07,74.4,12598.89,14193.79,0,Low,0,0,0.0,1378.2,2199.5
2026-06-03,SUP005,Epsilon Tech,Malaysia,0.91,P002,Processors,Electronics,569,369,1527,11,19,1,8,80.72,4733.11,0.057,0.649,50662.79,53415.68,13820.84,High,0,0,0,0,0.6485,200,1,0.3726,0.3726,0.09,89.04,2752.89,9087.73,8,High,0,0,0.0,985.0,737.8
2026-06-03,SUP003,Gamma Semiconductors,Taiwan,0.89,P003,Memory Modules,Electronics,878,840,1584,10,10,0,0,121.22,1712.38,0.183,0.957,108143.54,127777.13,4967.53,Medium,0,0,0,0,0.9567,38,1,0.5543,0.5543,0.11,123.17,19633.59,3255.15,0,Low,0,0,3.0,959.0,1155.2
2026-06-03,SUP004,Delta Manufacturing,China,0.94,P004,Display Panels,Electronics,581,539,1409,9,9,0,0,141.66,4467.36,0.127,0.928,86771.82,97508.16,17417.72,Medium,0,0,0,0,0.9277,42,1,0.4123,0.4123,0.06,149.35,10736.34,12950.36,0,Low,0,0,0.0,770.8,978.0
2026-06-03,SUP001,Alpha Components,India,0.96,P005,Battery Cells,Energy,532,195,2290,7,7,0,0,10.99,3752.78,0.055,0.367,9599.46,10024.23,13078.74,High,0,1,0,0,0.3665,337,1,0.2323,0.2323,0.04,18.04,424.77,9325.96,0,Low,0,0,0.0,791.5,1234.8
2026-06-03,SUP006,Zeta Industrial,South Korea,0.97,P006,Sensors,Electronics,1030,807,2227,9,9,0,0,149.55,2436.54,0.098,0.783,156473.04,171688.01,11013.07,Medium,0,0,1,0,0.7835,223,1,0.4625,0.4625,0.03,151.92,15214.97,8576.53,0,Low,0,0,0.0,1044.5,1271.0
2026-06-03,SUP002,Beta Electronics,Vietnam,0.92,P007,Power Modules,Electronics,972,692,1900,7,7,0,0,106.14,4474.37,0.192,0.712,107642.45,127880.26,15276.83,Medium,0,0,0,0,0.7119,280,1,0.5116,0.5116,0.08,110.74,20237.81,10802.46,0,Low,0,0,2.75,719.0,674.0
2026-06-03,SUP007,Eta Systems,India,0.95,P008,Circuit Boards,Electronics,844,655,2331,2,2,0,0,101.43,4207.53,0.147,0.776,89814.45,102707.92,19105.9,Medium,0,0,0,0,0.7761,189,1,0.3621,0.3621,0.05,106.42,12893.47,14898.37,0,Low,0,0,0.0,1229.5,2070.0
2026-06-10,SUP006,Zeta Industrial,South Korea,0.97,P001,Microchips,Electronics,1012,1866,1651,8,8,0,0,145.8,1005.74,0.09,1.844,148555.34,161880.06,5281.04,Low,0,0,0,0,1.8439,-854,0,0.613,0.613,0.03,146.79,13324.72,4275.3,0,Low,0,0,0.0,1195.5,2242.2
2026-06-10,SUP003,Gamma Semiconductors,Taiwan,0.89,P002,Processors,Electronics,1061,763,1688,16,16,0,0,38.91,4847.1,0.07,0.719,46130.61,49190.1,14152.49,Medium,0,0,0,0,0.7191,298,1,0.6286,0.6286,0.11,43.48,3059.49,9305.39,0,Low,0,0,0.0,887.5,2067.0
2026-06-10,SUP008,Theta Components,Singapore,0.93,P003,Memory Modules,Electronics,1033,2132,2332,8,8,0,0,9.42,881.45,0.171,2.064,10612.31,12351.65,5669.65,Low,0,0,0,0,2.0639,-1099,0,0.443,0.443,0.07,10.27,1739.34,4788.2,0,Low,0,0,2.25,1167.0,1261.2
2026-06-10,SUP007,Eta Systems,India,0.95,P004,Display Panels,Electronics,934,1020,1794,2,2,0,0,121.47,2788.16,0.085,1.092,116241.14,126003.14,12628.04,Low,0,0,0,0,1.0921,-86,0,0.5206,0.5206,0.05,124.46,9762.0,9839.88,0,Low,0,0,3.0,639.0,581.5
2026-06-10,SUP001,Alpha Components,India,0.96,P005,Battery Cells,Energy,926,709,1812,4,4,0,0,144.29,3542.71,0.186,0.766,137155.25,162336.65,14529.31,Medium,0,0,0,0,0.7657,217,1,0.511,0.511,0.04,148.12,25181.4,10986.6,0,Low,0,0,0.0,698.5,866.5
2026-06-10,SUP005,Epsilon Tech,Malaysia,0.91,P006,Sensors,Electronics,776,2000,1228,11,11,0,0,39.3,4663.8,0.18,2.577,35160.6,41069.77,14835.26,Medium,0,0,0,0,2.5773,-1224,0,0.6319,0.6319,0.09,45.31,5909.17,10171.46,0,Low,0,0,0.0,1023.5,2130.5
2026-06-10,SUP004,Delta Manufacturing,China,0.94,P007,Power Modules,Electronics,693,647,1523,10,10,0,0,81.7,4906.68,0.154,0.934,61524.78,70621.78,17688.43,Medium,0,0,0,0,0.9336,46,1,0.455,0.455,0.06,88.78,9097.0,12781.75,0,Low,0,0,0.0,795.5,1564.5
2026-06-10,SUP002,Beta Electronics,Vietnam,0.92,P008,Circuit Boards,Electronics,1833,2851,1824,10,10,0,0,9.21,3924.53,0.157,1.555,20806.46,23765.0,12492.71,Medium,1,0,0,0,1.5554,-1018,0,1.0049,1.0049,0.08,11.35,2958.54,8568.18,0,Low,0,0,0.0,1460.2,2004.0
2026-06-17,SUP003,Gamma Semiconductors,Taiwan,0.89,P001,Microchips,Electronics,1308,1172,2384,13,13,0,0,106.98,3020.52,0.108,0.896,142950.36,158225.89,10894.29,Medium,0,0,0,0,0.896,136,1,0.5487,0.5487,0.11,109.29,15275.53,7873.77,0,Low,4,1,3.0,1062.5,2083.8
2026-06-17,SUP006,Zeta Industrial,South Korea,0.97,P002,Processors,Electronics,1017,657,1260,10,10,0,0,125.24,770.04,0.106,0.646,128139.12,141681.05,4881.03,High,0,0,0,0,0.646,360,1,0.8071,0.8071,0.03,126.0,13541.93,4110.99,0,Low,0,0,0.0,950.5,765.8
2026-06-17,SUP007,Eta Systems,India,0.95,P003,Memory Modules,Electronics,1074,2716,1552,3,3,0,0,66.26,2618.15,0.057,2.529,73781.39,77912.31,8260.74,Low,0,0,0,0,2.5289,-1642,0,0.692,0.692,0.05,68.7,4130.92,5642.59,0,Low,0,0,0.0,1051.2,746.8
2026-06-17,SUP001,Alpha Components,India,0.96,P004,Display Panels,Electronics,783,635,2345,2,2,0,0,46.67,1028.76,0.088,0.811,37571.37,40832.39,5591.21,Medium,0,0,0,0,0.811,148,1,0.3339,0.3339,0.04,47.98,3261.02,4562.45,0,Low,0,0,0.0,644.0,1403.0
2026-06-17,SUP002,Beta Electronics,Vietnam,0.92,P005,Battery Cells,Energy,576,790,1256,14,14,0,0,24.58,1080.79,0.131,1.372,15238.87,17164.37,5217.2,Medium,0,0,0,0,1.3715,-214,0,0.4586,0.4586,0.08,26.46,1925.5,4136.41,0,Low,0,0,0.0,761.2,888.2
2026-06-17,SUP008,Theta Components,Singapore,0.93,P006,Sensors,Electronics,722,1035,1254,7,7,0,0,83.32,3482.54,0.139,1.434,63639.58,72243.45,10741.11,Low,0,0,0,0,1.4335,-313,0,0.5758,0.5758,0.07,88.14,8603.87,7258.57,0,Low,0,0,0.0,1050.5,1834.5
2026-06-17,SUP004,Delta Manufacturing,China,0.94,P007,Power Modules,Electronics,715,1531,1375,8,8,0,0,124.21,1272.55,0.171,2.141,90082.7,105378.04,5717.9,Low,0,0,0,0,2.1413,-816,0,0.52,0.52,0.06,125.99,15295.34,4445.35,0,Low,0,0,0.0,796.2,1591.5
2026-06-17,SUP005,Epsilon Tech,Malaysia,0.91,P008,Circuit Boards,Electronics,1350,2861,2414,11,11,0,0,94.58,1651.43,0.111,2.119,129334.43,143598.9,7467.66,Medium,0,0,0,0,2.1193,-1511,0,0.5592,0.5592,0.09,95.8,14264.47,5816.23,0,Low,0,0,1.75,985.2,1424.2
2026-06-24,SUP002,Beta Electronics,Vietnam,0.92,P001,Microchips,Electronics,1582,4063,2102,14,14,0,0,20.61,4392.48,0.098,2.568,36997.5,40408.02,11936.45,Medium,0,1,0,0,2.5683,-2481,0,0.7526,0.7526,0.08,23.39,3410.52,7543.97,0,Low,0,0,0.0,1150.5,1924.5
2026-06-24,SUP001,Alpha Components,India,0.96,P002,Processors,Electronics,592,426,2165,6,6,0,0,89.26,2488.34,0.102,0.72,55330.26,60847.04,10322.27,Medium,0,0,0,0,0.7196,166,1,0.2734,0.2734,0.04,93.46,5516.78,7833.93,0,Low,0,0,0.0,897.5,1502.0
2026-06-24,SUP005,Epsilon Tech,Malaysia,0.91,P003,Memory Modules,Electronics,887,812,2347,5,5,0,0,47.64,3408.64,0.181,0.915,45665.32,53622.26,8468.39,Medium,0,0,0,0,0.9154,75,1,0.3779,0.3779,0.09,51.48,7956.94,5059.75,0,Low,0,0,0.0,1166.5,859.5
2026-06-24,SUP004,Delta Manufacturing,China,0.94,P004,Display Panels,Electronics,710,1025,2431,7,7,0,0,101.07,1549.34,0.18,1.444,73309.04,86365.23,5388.42,Low,0,0,0,0,1.4437,-315,0,0.2921,0.2921,0.06,103.25,13056.19,3839.08,0,Low,0,0,0.0,739.2,719.0
2026-06-24,SUP008,Theta Components,Singapore,0.93,P005,Battery Cells,Energy,1097,985,2418,4,17,1,13,122.03,2368.68,0.093,0.898,136235.59,148795.36,7768.03,High,0,0,0,0,0.8979,112,1,0.4537,0.4537,0.07,124.19,12559.77,5399.35,13,High,0,0,0.0,568.8,579.5
2026-06-24,SUP006,Zeta Industrial,South Korea,0.97,P006,Sensors,Electronics,725,678,1484,7,7,0,0,11.53,517.61,0.084,0.935,8876.86,9600.78,3087.31,Medium,0,0,0,0,0.9352,47,1,0.4885,0.4885,0.03,12.24,723.92,2569.7,0,Low,0,0,0.0,1008.0,1274.8
2026-06-24,SUP007,Eta Systems,India,0.95,P007,Power Modules,Electronics,628,484,1784,5,5,0,0,21.99,1544.35,0.156,0.771,15354.07,17628.85,7268.31,Medium,0,0,0,0,0.7707,144,1,0.352,0.352,0.05,24.45,2274.78,5723.96,0,Low,0,0,1.25,700.0,804.5
2026-06-24,SUP003,Gamma Semiconductors,Taiwan,0.89,P008,Circuit Boards,Electronics,1445,2061,2067,14,14,0,0,133.93,4499.85,0.162,1.426,198028.7,229744.86,11170.88,Medium,0,0,0,0,1.4263,-616,0,0.6991,0.6991,0.11,137.04,31716.16,6671.03,0,Low,0,0,2.75,1328.0,1510.0
