date,supplier_id,supplier_name,product_id,product_name,event_id,delay_probability,predicted_delay,risk_score,risk_level,model_name,model_version,prediction_timestamp
2025-01-01,SUP002,Beta Electronics,P001,Microchips,EVT_2025-01-01_SUP002_P001,0.8473,True,0.8473,CRITICAL,supply_delay_classifier,1.0.0,2026-10-09T14:55:25.167724+00:00
2025-01-01,SUP006,Zeta Industrial,P002,Processors,EVT_2025-01-01_SUP006_P002,0.2202,False,0.2202,LOW,supply_delay_classifier,1.0.0,2026-10-09T14:55:25.167724+00:00
2025-01-01,SUP001,Alpha Components,P003,Memory Modules,EVT_2025-01-01_SUP001_P003,0.3397,False,0.3397,MEDIUM,supply_delay_classifier,1.0.0,2026-10-09T14:55:25.167724+00:00
2025-01-01,SUP008,Theta Components,P004,Display Panels,EVT_2025-01-01_SUP008_P004,0.2052,False,0.2052,LOW,supply_delay_classifier,1.0.0,2026-10-09T14:55:25.167724+00:00
2025-01-01,SUP003,Gamma Semiconductors,P005,Battery Cells,EVT_2025-01-01_SUP003_P005,0.1902,False,0.1902,LOW,supply_delay_classifier,1.0.0,2026-10-09T14:55:25.167724+00:00
2025-01-01,SUP005,Epsilon Tech,P006,Sensors,EVT_2025-01-01_SUP005_P006,0.6293,True,0.6293,HIGH,supply_delay_classifier,1.0.0,2026-10-09T14:55:25.167724+00:00
2025-01-01,SUP004,Delta Manufacturing,P007,Power Modules,EVT_2025-01-01_SUP004_P007,0.5946,True,0.5946,MEDIUM,supply_delay_classifier,1.0.0,2026-10-09T14:55:25.167724+00:00
2025-01-01,SUP007,Eta Systems,P008,Circuit Boards,EVT_2025-01-01_SUP007_P008,0.7287,True,0.7287,HIGH,supply_delay_classifier,1.0.0,2026-10-09T14:55:25.167724+00:00
2025-01-08,SUP006,Zeta Industrial,P001,Microchips,EVT_2025-01-08_SUP006_P001,0.4761,False,0.4761,MEDIUM,supply_delay_classifier,1.0.0,2026-10-09T14:55:25.167724+00:00
2025-01-08,SUP001,Alpha Components,P002,Processors,EVT_2025-01-08_SUP001_P002,0.5211,True,0.5211,MEDIUM,supply_delay_classifier,1.0.0,2026-10-09T14:55:25.167724+00:00
2025-01-08,SUP002,Beta Electronics,P003,Memory Modules,EVT_2025-01-08_SUP002_P003,0.5111,True,0.5111,MEDIUM,supply_delay_classifier,1.0.0,2026-10-09T14:55:25.167724+00:00
2025-01-08,SUP007,Eta Systems,P004,Display Panels,EVT_2025-01-08_SUP007_P004,0.3064,False,0.3064,MEDIUM,supply_delay_classifier,1.0.0,2026-10-09T14:55:25.167724+00:00
2025-01-08,SUP004,Delta Manufacturing,P005,Battery Cells,EVT_2025-01-08_SUP004_P005,0.4221,False,0.4221,MEDIUM,supply_delay_classifier,1.0.0,2026-10-09T14:55:25.167724+00:00
2025-01-08,SUP003,Gamma Semiconductors,P006,Sensors,EVT_2025-01-08_SUP003_P006,0.3517,False,0.3517,MEDIUM,supply_delay_classifier,1.0.0,2026-10-09T14:55:25.167724+00:00
2025-01-08,SUP005,Epsilon Tech,P007,Power Modules,EVT_2025-01-08_SUP005_P007,0.5717,True,0.5717,MEDIUM,supply_delay_classifier,1.0.0,2026-10-09T14:55:25.167724+00:00
2025-01-08,SUP008,Theta Components,P008,Circuit Boards,EVT_2025-01-08_SUP008_P008,0.3271,False,0.3271,MEDIUM,supply_delay_classifier,1.0.0,2026-10-09T14:55:25.167724+00:00
2025-01-15,SUP001,Alpha Components,P001,Microchips,EVT_2025-01-15_SUP001_P001,0.3127,False,0.3127,MEDIUM,supply_delay_classifier,1.0.0,2026-10-09T14:55:25.167724+00:00
2025-01-15,SUP002,Beta Electronics,P002,Processors,EVT_2025-01-15_SUP002_P002,0.1728,False,0.1728,LOW,supply_delay_classifier,1.0.0,2026-10-09T14:55:25.167724+00:00
2025-01-15,SUP006,Zeta Industrial,P003,Memory Modules,EVT_2025-01-15_SUP006_P003,0.1948,False,0.1948,LOW,supply_delay_classifier,1.0.0,2026-10-09T14:55:25.167724+00:00
2025-01-15,SUP007,Eta Systems,P004,Display Panels,EVT_2025-01-15_SUP007_P004,0.0126,False,0.0126,LOW,supply_delay_classifier,1.0.0,2026-10-09T14:55:25.167724+00:00
2025-01-15,SUP004,Delta Manufacturing,P005,Battery Cells,EVT_2025-01-15_SUP004_P005,0.4256,False,0.4256,MEDIUM,supply_delay_classifier,1.0.0,2026-10-09T14:55:25.167724+00:00
2025-01-15,SUP003,Gamma Semiconductors,P006,Sensors,EVT_2025-01-15_SUP003_P006,0.5035,True,0.5035,MEDIUM,supply_delay_classifier,1.0.0,2026-10-09T14:55:25.167724+00:00
2025-01-15,SUP005,Epsilon Tech,P007,Power Modules,EVT_2025-01-15_SUP005_P007,0.522,True,0.522,MEDIUM,supply_delay_classifier,1.0.0,2026-10-09T14:55:25.167724+00:00
2025-01-15,SUP008,Theta Components,P008,Circuit Boards,EVT_2025-01-15_SUP008_P008,0.3189,False,0.3189,MEDIUM,supply_delay_classifier,1.0.0,2026-10-09T14:55:25.167724+00:00
2025-01-22,SUP007,Eta Systems,P001,Microchips,EVT_2025-01-22_SUP007_P001,0.5824,True,0.5824,MEDIUM,supply_delay_classifier,1.0.0,2026-10-09T14:55:25.167724+00:00
2025-01-22,SUP004,Delta Manufacturing,P002,Processors,EVT_2025-01-22_SUP004_P002,0.268,False,0.268,LOW,supply_delay_classifier,1.0.0,2026-10-09T14:55:25.167724+00:00
2025-01-22,SUP005,Epsilon Tech,P003,Memory Modules,EVT_2025-01-22_SUP005_P003,0.6671,True,0.6671,HIGH,supply_delay_classifier,1.0.0,2026-10-09T14:55:25.167724+00:00
2025-01-22,SUP003,Gamma Semiconductors,P004,Display Panels,EVT_2025-01-22_SUP003_P004,0.2659,False,0.2659,LOW,supply_delay_classifier,1.0.0,2026-10-09T14:55:25.167724+00:00
2025-01-22,SUP006,Zeta Industrial,P005,Battery Cells,EVT_2025-01-22_SUP006_P005,0.199,False,0.199,LOW,supply_delay_classifier,1.0.0,2026-10-09T14:55:25.167724+00:00
2025-01-22,SUP008,Theta Components,P006,Sensors,EVT_2025-01-22_SUP008_P006,0.3244,False,0.3244,MEDIUM,supply_delay_classifier,1.0.0,2026-10-09T14:55:25.167724+00:00
2025-01-22,SUP001,Alpha Components,P007,Power Modules,EVT_2025-01-22_SUP001_P007,0.1828,False,0.1828,LOW,supply_delay_classifier,1.0.0,2026-10-09T14:55:25.167724+00:00
2025-01-22,SUP002,Beta Electronics,P008,Circuit Boards,EVT_2025-01-22_SUP002_P008,0.8847,True,0.8847,CRITICAL,supply_delay_classifier,1.0.0,2026-10-09T14:55:25.167724+00:00
2025-01-29,SUP003,Gamma Semiconductors,P001,Microchips,EVT_2025-01-29_SUP003_P001,0.7107,True,0.7107,HIGH,supply_delay_classifier,1.0.0,2026-10-09T14:55:25.167724+00:00
2025-01-29,SUP001,Alpha Components,P002,Processors,EVT_2025-01-29_SUP001_P002,0.227,False,0.227,LOW,supply_delay_classifier,1.0.0,2026-10-09T14:55:25.167724+00:00
2025-01-29,SUP004,Delta Manufacturing,P003,Memory Modules,EVT_2025-01-29_SUP004_P003,0.48,False,0.48,MEDIUM,supply_delay_classifier,1.0.0,2026-10-09T14:55:25.167724+00:00
2025-01-29,SUP007,Eta Systems,P004,Display Panels,EVT_2025-01-29_SUP007_P004,0.4149,False,0.4149,MEDIUM,supply_delay_classifier,1.0.0,2026-10-09T14:55:25.167724+00:00
2025-01-29,SUP002,Beta Electronics,P005,Battery Cells,EVT_2025-01-29_SUP002_P005,0.3473,False,0.3473,MEDIUM,supply_delay_classifier,1.0.0,2026-10-09T14:55:25.167724+00:00
2025-01-29,SUP005,Epsilon Tech,P006,Sensors,EVT_2025-01-29_SUP005_P006,0.807,True,0.807,CRITICAL,supply_delay_classifier,1.0.0,2026-10-09T14:55:25.167724+00:00
2025-01-29,SUP008,Theta Components,P007,Power Modules,EVT_2025-01-29_SUP008_P007,0.124,False,0.124,LOW,supply_delay_classifier,1.0.0,2026-10-09T14:55:25.167724+00:00
2025-01-29,SUP006,Zeta Industrial,P008,Circuit Boards,EVT_2025-01-29_SUP006_P008,0.662,True,0.662,HIGH,supply_delay_classifier,1.0.0,2026-10-09T14:55:25.167724+00:00
2025-02-05,SUP001,Alpha Components,P001,Microchips,EVT_2025-02-05_SUP001_P001,0.3021,False,0.3021,MEDIUM,supply_delay_classifier,1.0.0,2026-10-09T14:55:25.167724+00:00
2025-02-05,SUP004,Delta Manufacturing,P002,Processors,EVT_2025-02-05_SUP004_P002,0.2735,False,0.2735,LOW,supply_delay_classifier,1.0.0,2026-10-09T14:55:25.167724+00:00
2025-02-05,SUP008,Theta Components,P003,Memory Modules,EVT_2025-02-05_SUP008_P003,0.2778,False,0.2778,LOW,supply_delay_classifier,1.0.0,2026-10-09T14:55:25.167724+00:00
2025-02-05,SUP002,Beta Electronics,P004,Display Panels,EVT_2025-02-05_SUP002_P004,0.4507,False,0.4507,MEDIUM,supply_delay_classifier,1.0.0,2026-10-09T14:55:25.167724+00:00
2025-02-05,SUP006,Zeta Industrial,P005,Battery Cells,EVT_2025-02-05_SUP006_P005,0.4111,False,0.4111,MEDIUM,supply_delay_classifier,1.0.0,2026-10-09T14:55:25.167724+00:00
2025-02-05,SUP003,Gamma Semiconductors,P006,Sensors,EVT_2025-02-05_SUP003_P006,0.4408,False,0.4408,MEDIUM,supply_delay_classifier,1.0.0,2026-10-09T14:55:25.167724+00:00
2025-02-05,SUP005,Epsilon Tech,P007,Power Modules,EVT_2025-02-05_SUP005_P007,0.302,False,0.302,MEDIUM,supply_delay_classifier,1.0.0,2026-10-09T14:55:25.167724+00:00
2025-02-05,SUP007,Eta Systems,P008,Circuit Boards,EVT_2025-02-05_SUP007_P008,0.6126,True,0.6126,HIGH,supply_delay_classifier,1.0.0,2026-10-09T14:55:25.167724+00:00
2025-02-12,SUP004,Delta Manufacturing,P001,Microchips,EVT_2025-02-12_SUP004_P001,0.3342,False,0.3342,MEDIUM,supply_delay_classifier,1.0.0,2026-10-09T14:55:25.167724+00:00
2025-02-12,SUP007,Eta Systems,P002,Processors,EVT_2025-02-12_SUP007_P002,0.3812,False,0.3812,MEDIUM,supply_delay_classifier,1.0.0,2026-10-09T14:55:25.167724+00:00
2025-02-12,SUP001,Alpha Components,P003,Memory Modules,EVT_2025-02-12_SUP001_P003,0.5514,True,0.5514,MEDIUM,supply_delay_classifier,1.0.0,2026-10-09T14:55:25.167724+00:00
2025-02-12,SUP008,Theta Components,P004,Display Panels,EVT_2025-02-12_SUP008_P004,0.0853,False,0.0853,LOW,supply_delay_classifier,1.0.0,2026-10-09T14:55:25.167724+00:00
2025-02-12,SUP005,Epsilon Tech,P005,Battery Cells,EVT_2025-02-12_SUP005_P005,0.5592,True,0.5592,MEDIUM,supply_delay_classifier,1.0.0,2026-10-09T14:55:25.167724+00:00
2025-02-12,SUP003,Gamma Semiconductors,P006,Sensors,EVT_2025-02-12_SUP003_P006,0.4821,False,0.4821,MEDIUM,supply_delay_classifier,1.0.0,2026-10-09T14:55:25.167724+00:00
2025-02-12,SUP002,Beta Electronics,P007,Power Modules,EVT_2025-02-12_SUP002_P007,0.7209,True,0.7209,HIGH,supply_delay_classifier,1.0.0,2026-10-09T14:55:25.167724+00:00
2025-02-12,SUP006,Zeta Industrial,P008,Circuit Boards,EVT_2025-02-12_SUP006_P008,0.8112,True,0.8112,CRITICAL,supply_delay_classifier,1.0.0,2026-10-09T14:55:25.167724+00:00
2025-02-19,SUP002,Beta Electronics,P001,Microchips,EVT_2025-02-19_SUP002_P001,0.6572,True,0.6572,HIGH,supply_delay_classifier,1.0.0,2026-10-09T14:55:25.167724+00:00
2025-02-19,SUP005,Epsilon Tech,P002,Processors,EVT_2025-02-19_SUP005_P002,0.802,True,0.802,CRITICAL,supply_delay_classifier,1.0.0,2026-10-09T14:55:25.167724+00:00
2025-02-19,SUP006,Zeta Industrial,P003,Memory Modules,EVT_2025-02-19_SUP006_P003,0.0736,False,0.0736,LOW,supply_delay_classifier,1.0.0,2026-10-09T14:55:25.167724+00:00
2025-02-19,SUP003,Gamma Semiconductors,P004,Display Panels,EVT_2025-02-19_SUP003_P004,0.2976,False,0.2976,LOW,supply_delay_classifier,1.0.0,2026-10-09T14:55:25.167724+00:00
2025-02-19,SUP001,Alpha Components,P005,Battery Cells,EVT_2025-02-19_SUP001_P005,0.3752,False,0.3752,MEDIUM,supply_delay_classifier,1.0.0,2026-10-09T14:55:25.167724+00:00
2025-02-19,SUP007,Eta Systems,P006,Sensors,EVT_2025-02-19_SUP007_P006,0.7194,True,0.7194,HIGH,supply_delay_classifier,1.0.0,2026-10-09T14:55:25.167724+00:00
2025-02-19,SUP004,Delta Manufacturing,P007,Power Modules,EVT_2025-02-19_SUP004_P007,0.257,False,0.257,LOW,supply_delay_classifier,1.0.0,2026-10-09T14:55:25.167724+00:00
2025-02-19,SUP008,Theta Components,P008,Circuit Boards,EVT_2025-02-19_SUP008_P008,0.614,True,0.614,HIGH,supply_delay_classifier,1.0.0,2026-10-09T14:55:25.167724+00:00
2025-02-26,SUP001,Alpha Components,P001,Microchips,EVT_2025-02-26_SUP001_P001,0.1593,False,0.1593,LOW,supply_delay_classifier,1.0.0,2026-10-09T14:55:25.167724+00:00
2025-02-26,SUP008,Theta Components,P002,Processors,EVT_2025-02-26_SUP008_P002,0.3028,False,0.3028,MEDIUM,supply_delay_classifier,1.0.0,2026-10-09T14:55:25.167724+00:00
2025-02-26,SUP003,Gamma Semiconductors,P003,Memory Modules,EVT_2025-02-26_SUP003_P003,0.5966,True,0.5966,MEDIUM,supply_delay_classifier,1.0.0,2026-10-09T14:55:25.167724+00:00
2025-02-26,SUP006,Zeta Industrial,P004,Display Panels,EVT_2025-02-26_SUP006_P004,0.1287,False,0.1287,LOW,supply_delay_classifier,1.0.0,2026-10-09T14:55:25.167724+00:00
2025-02-26,SUP002,Beta Electronics,P005,Battery Cells,EVT_2025-02-26_SUP002_P005,0.5746,True,0.5746,MEDIUM,supply_delay_classifier,1.0.0,2026-10-09T14:55:25.167724+00:00
2025-02-26,SUP004,Delta Manufacturing,P006,Sensors,EVT_2025-02-26_SUP004_P006,0.6036,True,0.6036,HIGH,supply_delay_classifier,1.0.0,2026-10-09T14:55:25.167724+00:00
2025-02-26,SUP005,Epsilon Tech,P007,Power Modules,EVT_2025-02-26_SUP005_P007,0.5369,True,0.5369,MEDIUM,supply_delay_classifier,1.0.0,2026-10-09T14:55:25.167724+00:00
2025-02-26,SUP007,Eta Systems,P008,Circuit Boards,EVT_2025-02-26_SUP007_P008,0.3029,False,0.3029,MEDIUM,supply_delay_classifier,1.0.0,2026-10-09T14:55:25.167724+00:00
2025-03-05,SUP004,Delta Manufacturing,P001,Microchips,EVT_2025-03-05_SUP004_P001,0.2801,False,0.2801,LOW,supply_delay_classifier,1.0.0,2026-10-09T14:55:25.167724+00:00
2025-03-05,SUP002,Beta Electronics,P002,Processors,EVT_2025-03-05_SUP002_P002,0.4468,False,0.4468,MEDIUM,supply_delay_classifier,1.0.0,2026-10-09T14:55:25.167724+00:00
2025-03-05,SUP008,Theta Components,P003,Memory Modules,EVT_2025-03-05_SUP008_P003,0.4189,False,0.4189,MEDIUM,supply_delay_classifier,1.0.0,2026-10-09T14:55:25.167724+00:00
2025-03-05,SUP006,Zeta Industrial,P004,Display Panels,EVT_2025-03-05_SUP006_P004,0.9911,True,0.9911,CRITICAL,supply_delay_classifier,1.0.0,2026-10-09T14:55:25.167724+00:00
2025-03-05,SUP003,Gamma Semiconductors,P005,Battery Cells,EVT_2025-03-05_SUP003_P005,0.5213,True,0.5213,MEDIUM,supply_delay_classifier,1.0.0,2026-10-09T14:55:25.167724+00:00
2025-03-05,SUP007,Eta Systems,P006,Sensors,EVT_2025-03-05_SUP007_P006,0.4711,False,0.4711,MEDIUM,supply_delay_classifier,1.0.0,2026-10-09T14:55:25.167724+00:00
2025-03-05,SUP005,Epsilon Tech,P007,Power Modules,EVT_2025-03-05_SUP005_P007,0.5454,True,0.5454,MEDIUM,supply_delay_classifier,1.0.0,2026-10-09T14:55:25.167724+00:00
2025-03-05,SUP001,Alpha Components,P008,Circuit Boards,EVT_2025-03-05_SUP001_P008,0.3844,False,0.3844,MEDIUM,supply_delay_classifier,1.0.0,2026-10-09T14:55:25.167724+00:00
2025-03-12,SUP003,Gamma Semiconductors,P001,Microchips,EVT_2025-03-12_SUP003_P001,0.999,True,0.999,CRITICAL,supply_delay_classifier,1.0.0,2026-10-09T14:55:25.167724+00:00
2025-03-12,SUP002,Beta Electronics,P002,Processors,EVT_2025-03-12_SUP002_P002,0.2794,False,0.2794,LOW,supply_delay_classifier,1.0.0,2026-10-09T14:55:25.167724+00:00
2025-03-12,SUP008,Theta Components,P003,Memory Modules,EVT_2025-03-12_SUP008_P003,0.2053,False,0.2053,LOW,supply_delay_classifier,1.0.0,2026-10-09T14:55:25.167724+00:00
2025-03-12,SUP004,Delta Manufacturing,P004,Display Panels,EVT_2025-03-12_SUP004_P004,0.409,False,0.409,MEDIUM,supply_delay_classifier,1.0.0,2026-10-09T14:55:25.167724+00:00
2025-03-12,SUP006,Zeta Industrial,P005,Battery Cells,EVT_2025-03-12_SUP006_P005,0.2127,False,0.2127,LOW,supply_delay_classifier,1.0.0,2026-10-09T14:55:25.167724+00:00
2025-03-12,SUP001,Alpha Components,P006,Sensors,EVT_2025-03-12_SUP001_P006,0.3891,False,0.3891,MEDIUM,supply_delay_classifier,1.0.0,2026-10-09T14:55:25.167724+00:00
2025-03-12,SUP005,Epsilon Tech,P007,Power Modules,EVT_2025-03-12_SUP005_P007,0.8114,True,0.8114,CRITICAL,supply_delay_classifier,1.0.0,2026-10-09T14:55:25.167724+00:00
2025-03-12,SUP007,Eta Systems,P008,Circuit Boards,EVT_2025-03-12_SUP007_P008,0.7408,True,0.7408,HIGH,supply_delay_classifier,1.0.0,2026-10-09T14:55:25.167724+00:00
2025-03-19,SUP003,Gamma Semiconductors,P001,Microchips,EVT_2025-03-19_SUP003_P001,0.6863,True,0.6863,HIGH,supply_delay_classifier,1.0.0,2026-10-09T14:55:25.167724+00:00
2025-03-19,SUP008,Theta Components,P002,Processors,EVT_2025-03-19_SUP008_P002,0.2677,False,0.2677,LOW,supply_delay_classifier,1.0.0,2026-10-09T14:55:25.167724+00:00
2025-03-19,SUP006,Zeta Industrial,P003,Memory Modules,EVT_2025-03-19_SUP006_P003,0.623,True,0.623,HIGH,supply_delay_classifier,1.0.0,2026-10-09T14:55:25.167724+00:00
2025-03-19,SUP001,Alpha Components,P004,Display Panels,EVT_2025-03-19_SUP001_P004,0.2209,False,0.2209,LOW,supply_delay_classifier,1.0.0,2026-10-09T14:55:25.167724+00:00
2025-03-19,SUP005,Epsilon Tech,P005,Battery Cells,EVT_2025-03-19_SUP005_P005,0.7539,True,0.7539,HIGH,supply_delay_classifier,1.0.0,2026-10-09T14:55:25.167724+00:00
2025-03-19,SUP007,Eta Systems,P006,Sensors,EVT_2025-03-19_SUP007_P006,0.3102,False,0.3102,MEDIUM,supply_delay_classifier,1.0.0,2026-10-09T14:55:25.167724+00:00
2025-03-19,SUP002,Beta Electronics,P007,Power Modules,EVT_2025-03-19_SUP002_P007,0.462,False,0.462,MEDIUM,supply_delay_classifier,1.0.0,2026-10-09T14:55:25.167724+00:00
2025-03-19,SUP004,Delta Manufacturing,P008,Circuit Boards,EVT_2025-03-19_SUP004_P008,0.8984,True,0.8984,CRITICAL,supply_delay_classifier,1.0.0,2026-10-09T14:55:25.167724+00:00
2025-03-26,SUP001,Alpha Components,P001,Microchips,EVT_2025-03-26_SUP001_P001,0.3782,False,0.3782,MEDIUM,supply_delay_classifier,1.0.0,2026-10-09T14:55:25.167724+00:00
2025-03-26,SUP004,Delta Manufacturing,P002,Processors,EVT_2025-03-26_SUP004_P002,0.5665,True,0.5665,MEDIUM,supply_delay_classifier,1.0.0,2026-10-09T14:55:25.167724+00:00
2025-03-26,SUP006,Zeta Industrial,P003,Memory Modules,EVT_2025-03-26_SUP006_P003,0.1662,False,0.1662,LOW,supply_delay_classifier,1.0.0,2026-10-09T14:55:25.167724+00:00
2025-03-26,SUP007,Eta Systems,P004,Display Panels,EVT_2025-03-26_SUP007_P004,0.3704,False,0.3704,MEDIUM,supply_delay_classifier,1.0.0,2026-10-09T14:55:25.167724+00:00
2025-03-26,SUP005,Epsilon Tech,P005,Battery Cells,EVT_2025-03-26_SUP005_P005,0.4064,False,0.4064,MEDIUM,supply_delay_classifier,1.0.0,2026-10-09T14:55:25.167724+00:00
2025-03-26,SUP003,Gamma Semiconductors,P006,Sensors,EVT_2025-03-26_SUP003_P006,0.1843,False,0.1843,LOW,supply_delay_classifier,1.0.0,2026-10-09T14:55:25.167724+00:00
2025-03-26,SUP002,Beta Electronics,P007,Power Modules,EVT_2025-03-26_SUP002_P007,0.2922,False,0.2922,LOW,supply_delay_classifier,1.0.0,2026-10-09T14:55:25.167724+00:00
2025-03-26,SUP008,Theta Components,P008,Circuit Boards,EVT_2025-03-26_SUP008_P008,0.265,False,0.265,LOW,supply_delay_classifier,1.0.0,2026-10-09T14:55:25.167724+00:00
2025-04-02,SUP006,Zeta Industrial,P001,Microchips,EVT_2025-04-02_SUP006_P001,0.559,True,0.559,MEDIUM,supply_delay_classifier,1.0.0,2026-10-09T14:55:25.167724+00:00
2025-04-02,SUP001,Alpha Components,P002,Processors,EVT_2025-04-02_SUP001_P002,0.4764,False,0.4764,MEDIUM,supply_delay_classifier,1.0.0,2026-10-09T14:55:25.167724+00:00
2025-04-02,SUP004,Delta Manufacturing,P003,Memory Modules,EVT_2025-04-02_SUP004_P003,0.2438,False,0.2438,LOW,supply_delay_classifier,1.0.0,2026-10-09T14:55:25.167724+00:00
2025-04-02,SUP005,Epsilon Tech,P004,Display Panels,EVT_2025-04-02_SUP005_P004,0.5243,True,0.5243,MEDIUM,supply_delay_classifier,1.0.0,2026-10-09T14:55:25.167724+00:00
2025-04-02,SUP007,Eta Systems,P005,Battery Cells,EVT_2025-04-02_SUP007_P005,0.5015,True,0.5015,MEDIUM,supply_delay_classifier,1.0.0,2026-10-09T14:55:25.167724+00:00
2025-04-02,SUP008,Theta Components,P006,Sensors,EVT_2025-04-02_SUP008_P006,0.4942,False,0.4942,MEDIUM,supply_delay_classifier,1.0.0,2026-10-09T14:55:25.167724+00:00
2025-04-02,SUP002,Beta Electronics,P007,Power Modules,EVT_2025-04-02_SUP002_P007,0.1733,False,0.1733,LOW,supply_delay_classifier,1.0.0,2026-10-09T14:55:25.167724+00:00
2025-04-02,SUP003,Gamma Semiconductors,P008,Circuit Boards,EVT_2025-04-02_SUP003_P008,0.7682,True,0.7682,HIGH,supply_delay_classifier,1.0.0,2026-10-09T14:55:25.167724+00:00
2025-04-09,SUP008,Theta Components,P001,Microchips,EVT_2025-04-09_SUP008_P001,0.2899,False,0.2899,LOW,supply_delay_classifier,1.0.0,2026-10-09T14:55:25.167724+00:00
2025-04-09,SUP005,Epsilon Tech,P002,Processors,EVT_2025-04-09_SUP005_P002,0.7843,True,0.7843,HIGH,supply_delay_classifier,1.0.0,2026-10-09T14:55:25.167724+00:00
2025-04-09,SUP004,Delta Manufacturing,P003,Memory Modules,EVT_2025-04-09_SUP004_P003,0.6428,True,0.6428,HIGH,supply_delay_classifier,1.0.0,2026-10-09T14:55:25.167724+00:00
2025-04-09,SUP007,Eta Systems,P004,Display Panels,EVT_2025-04-09_SUP007_P004,0.3774,False,0.3774,MEDIUM,supply_delay_classifier,1.0.0,2026-10-09T14:55:25.167724+00:00
2025-04-09,SUP003,Gamma Semiconductors,P005,Battery Cells,EVT_2025-04-09_SUP003_P005,0.9957,True,0.9957,CRITICAL,supply_delay_classifier,1.0.0,2026-10-09T14:55:25.167724+00:00
2025-04-09,SUP002,Beta Electronics,P006,Sensors,EVT_2025-04-09_SUP002_P006,0.9986,True,0.9986,CRITICAL,supply_delay_classifier,1.0.0,2026-10-09T14:55:25.167724+00:00
2025-04-09,SUP006,Zeta Industrial,P007,Power Modules,EVT_2025-04-09_SUP006_P007,0.121,False,0.121,LOW,supply_delay_classifier,1.0.0,2026-10-09T14:55:25.167724+00:00
2025-04-09,SUP001,Alpha Components,P008,Circuit Boards,EVT_2025-04-09_SUP001_P008,0.4441,False,0.4441,MEDIUM,supply_delay_classifier,1.0.0,2026-10-09T14:55:25.167724+00:00
2025-04-16,SUP005,Epsilon Tech,P001,Microchips,EVT_2025-04-16_SUP005_P001,0.8731,True,0.8731,CRITICAL,supply_delay_classifier,1.0.0,2026-10-09T14:55:25.167724+00:00
2025-04-16,SUP003,Gamma Semiconductors,P002,Processors,EVT_2025-04-16_SUP003_P002,0.9958,True,0.9958,CRITICAL,supply_delay_classifier,1.0.0,2026-10-09T14:55:25.167724+00:00
2025-04-16,SUP002,Beta Electronics,P003,Memory Modules,EVT_2025-04-16_SUP002_P003,0.4452,False,0.4452,MEDIUM,supply_delay_classifier,1.0.0,2026-10-09T14:55:25.167724+00:00
2025-04-16,SUP001,Alpha Components,P004,Display Panels,EVT_2025-04-16_SUP001_P004,0.1729,False,0.1729,LOW,supply_delay_classifier,1.0.0,2026-10-09T14:55:25.167724+00:00
2025-04-16,SUP007,Eta Systems,P005,Battery Cells,EVT_2025-04-16_SUP007_P005,0.2807,False,0.2807,LOW,supply_delay_classifier,1.0.0,2026-10-09T14:55:25.167724+00:00
2025-04-16,SUP004,Delta Manufacturing,P006,Sensors,EVT_2025-04-16_SUP004_P006,0.5316,True,0.5316,MEDIUM,supply_delay_classifier,1.0.0,2026-10-09T14:55:25.167724+00:00
2025-04-16,SUP008,Theta Components,P007,Power Modules,EVT_2025-04-16_SUP008_P007,0.1404,False,0.1404,LOW,supply_delay_classifier,1.0.0,2026-10-09T14:55:25.167724+00:00
2025-04-16,SUP006,Zeta Industrial,P008,Circuit Boards,EVT_2025-04-16_SUP006_P008,0.2813,False,0.2813,LOW,supply_delay_classifier,1.0.0,2026-10-09T14:55:25.167724+00:00
2025-04-23,SUP005,Epsilon Tech,P001,Microchips,EVT_2025-04-23_SUP005_P001,0.716,True,0.716,HIGH,supply_delay_classifier,1.0.0,2026-10-09T14:55:25.167724+00:00
2025-04-23,SUP008,Theta Components,P002,Processors,EVT_2025-04-23_SUP008_P002,0.2829,False,0.2829,LOW,supply_delay_classifier,1.0.0,2026-10-09T14:55:25.167724+00:00
2025-04-23,SUP001,Alpha Components,P003,Memory Modules,EVT_2025-04-23_SUP001_P003,0.5347,True,0.5347,MEDIUM,supply_delay_classifier,1.0.0,2026-10-09T14:55:25.167724+00:00
2025-04-23,SUP003,Gamma Semiconductors,P004,Display Panels,EVT_2025-04-23_SUP003_P004,0.4229,False,0.4229,MEDIUM,supply_delay_classifier,1.0.0,2026-10-09T14:55:25.167724+00:00
2025-04-23,SUP002,Beta Electronics,P005,Battery Cells,EVT_2025-04-23_SUP002_P005,0.5018,True,0.5018,MEDIUM,supply_delay_classifier,1.0.0,2026-10-09T14:55:25.167724+00:00
2025-04-23,SUP007,Eta Systems,P006,Sensors,EVT_2025-04-23_SUP007_P006,0.2064,False,0.2064,LOW,supply_delay_classifier,1.0.0,2026-10-09T14:55:25.167724+00:00
2025-04-23,SUP006,Zeta Industrial,P007,Power Modules,EVT_2025-04-23_SUP006_P007,0.2676,False,0.2676,LOW,supply_delay_classifier,1.0.0,2026-10-09T14:55:25.167724+00:00
2025-04-23,SUP004,Delta Manufacturing,P008,Circuit Boards,EVT_2025-04-23_SUP004_P008,0.5316,True,0.5316,MEDIUM,supply_delay_classifier,1.0.0,2026-10-09T14:55:25.167724+00:00
2025-04-30,SUP002,Beta Electronics,P001,Microchips,EVT_2025-04-30_SUP002_P001,0.5137,True,0.5137,MEDIUM,supply_delay_classifier,1.0.0,2026-10-09T14:55:25.167724+00:00
2025-04-30,SUP007,Eta Systems,P002,Processors,EVT_2025-04-30_SUP007_P002,0.0494,False,0.0494,LOW,supply_delay_classifier,1.0.0,2026-10-09T14:55:25.167724+00:00
2025-04-30,SUP005,Epsilon Tech,P003,Memory Modules,EVT_2025-04-30_SUP005_P003,0.719,True,0.719,HIGH,supply_delay_classifier,1.0.0,2026-10-09T14:55:25.167724+00:00
2025-04-30,SUP006,Zeta Industrial,P004,Display Panels,EVT_2025-04-30_SUP006_P004,0.2574,False,0.2574,LOW,supply_delay_classifier,1.0.0,2026-10-09T14:55:25.167724+00:00
2025-04-30,SUP008,Theta Components,P005,Battery Cells,EVT_2025-04-30_SUP008_P005,0.2187,False,0.2187,LOW,supply_delay_classifier,1.0.0,2026-10-09T14:55:25.167724+00:00
2025-04-30,SUP001,Alpha Components,P006,Sensors,EVT_2025-04-30_SUP001_P006,0.3969,False,0.3969,MEDIUM,supply_delay_classifier,1.0.0,2026-10-09T14:55:25.167724+00:00
2025-04-30,SUP003,Gamma Semiconductors,P007,Power Modules,EVT_2025-04-30_SUP003_P007,0.33,False,0.33,MEDIUM,supply_delay_classifier,1.0.0,2026-10-09T14:55:25.167724+00:00
2025-04-30,SUP004,Delta Manufacturing,P008,Circuit Boards,EVT_2025-04-30_SUP004_P008,0.3498,False,0.3498,MEDIUM,supply_delay_classifier,1.0.0,2026-10-09T14:55:25.167724+00:00
2025-05-07,SUP003,Gamma Semiconductors,P001,Microchips,EVT_2025-05-07_SUP003_P001,0.408,False,0.408,MEDIUM,supply_delay_classifier,1.0.0,2026-10-09T14:55:25.167724+00:00
2025-05-07,SUP008,Theta Components,P002,Processors,EVT_2025-05-07_SUP008_P002,0.3326,False,0.3326,MEDIUM,supply_delay_classifier,1.0.0,2026-10-09T14:55:25.167724+00:00
2025-05-07,SUP004,Delta Manufacturing,P003,Memory Modules,EVT_2025-05-07_SUP004_P003,0.8041,True,0.8041,CRITICAL,supply_delay_classifier,1.0.0,2026-10-09T14:55:25.167724+00:00
2025-05-07,SUP006,Zeta Industrial,P004,Display Panels,EVT_2025-05-07_SUP006_P004,0.0391,False,0.0391,LOW,supply_delay_classifier,1.0.0,2026-10-09T14:55:25.167724+00:00
2025-05-07,SUP005,Epsilon Tech,P005,Battery Cells,EVT_2025-05-07_SUP005_P005,0.5216,True,0.5216,MEDIUM,supply_delay_classifier,1.0.0,2026-10-09T14:55:25.167724+00:00
2025-05-07,SUP002,Beta Electronics,P006,Sensors,EVT_2025-05-07_SUP002_P006,0.4248,False,0.4248,MEDIUM,supply_delay_classifier,1.0.0,2026-10-09T14:55:25.167724+00:00
2025-05-07,SUP001,Alpha Components,P007,Power Modules,EVT_2025-05-07_SUP001_P007,0.0505,False,0.0505,LOW,supply_delay_classifier,1.0.0,2026-10-09T14:55:25.167724+00:00
2025-05-07,SUP007,Eta Systems,P008,Circuit Boards,EVT_2025-05-07_SUP007_P008,0.2352,False,0.2352,LOW,supply_delay_classifier,1.0.0,2026-10-09T14:55:25.167724+00:00
2025-05-14,SUP006,Zeta Industrial,P001,Microchips,EVT_2025-05-14_SUP006_P001,0.2312,False,0.2312,LOW,supply_delay_classifier,1.0.0,2026-10-09T14:55:25.167724+00:00
2025-05-14,SUP002,Beta Electronics,P002,Processors,EVT_2025-05-14_SUP002_P002,0.9974,True,0.9974,CRITICAL,supply_delay_classifier,1.0.0,2026-10-09T14:55:25.167724+00:00
2025-05-14,SUP003,Gamma Semiconductors,P003,Memory Modules,EVT_2025-05-14_SUP003_P003,0.7856,True,0.7856,HIGH,supply_delay_classifier,1.0.0,2026-10-09T14:55:25.167724+00:00
2025-05-14,SUP005,Epsilon Tech,P004,Display Panels,EVT_2025-05-14_SUP005_P004,0.4841,False,0.4841,MEDIUM,supply_delay_classifier,1.0.0,2026-10-09T14:55:25.167724+00:00
2025-05-14,SUP007,Eta Systems,P005,Battery Cells,EVT_2025-05-14_SUP007_P005,0.471,False,0.471,MEDIUM,supply_delay_classifier,1.0.0,2026-10-09T14:55:25.167724+00:00
2025-05-14,SUP001,Alpha Components,P006,Sensors,EVT_2025-05-14_SUP001_P006,0.2774,False,0.2774,LOW,supply_delay_classifier,1.0.0,2026-10-09T14:55:25.167724+00:00
2025-05-14,SUP004,Delta Manufacturing,P007,Power Modules,EVT_2025-05-14_SUP004_P007,0.2805,False,0.2805,LOW,supply_delay_classifier,1.0.0,2026-10-09T14:55:25.167724+00:00
2025-05-14,SUP008,Theta Components,P008,Circuit Boards,EVT_2025-05-14_SUP008_P008,0.5899,True,0.5899,MEDIUM,supply_delay_classifier,1.0.0,2026-10-09T14:55:25.167724+00:00
2025-05-21,SUP006,Zeta Industrial,P001,Microchips,EVT_2025-05-21_SUP006_P001,0.2575,False,0.2575,LOW,supply_delay_classifier,1.0.0,2026-10-09T14:55:25.167724+00:00
2025-05-21,SUP007,Eta Systems,P002,Processors,EVT_2025-05-21_SUP007_P002,0.3005,False,0.3005,MEDIUM,supply_delay_classifier,1.0.0,2026-10-09T14:55:25.167724+00:00
2025-05-21,SUP002,Beta Electronics,P003,Memory Modules,EVT_2025-05-21_SUP002_P003,0.5212,True,0.5212,MEDIUM,supply_delay_classifier,1.0.0,2026-10-09T14:55:25.167724+00:00
2025-05-21,SUP004,Delta Manufacturing,P004,Display Panels,EVT_2025-05-21_SUP004_P004,0.5548,True,0.5548,MEDIUM,supply_delay_classifier,1.0.0,2026-10-09T14:55:25.167724+00:00
2025-05-21,SUP008,Theta Components,P005,Battery Cells,EVT_2025-05-21_SUP008_P005,0.2683,False,0.2683,LOW,supply_delay_classifier,1.0.0,2026-10-09T14:55:25.167724+00:00
2025-05-21,SUP005,Epsilon Tech,P006,Sensors,EVT_2025-05-21_SUP005_P006,0.8373,True,0.8373,CRITICAL,supply_delay_classifier,1.0.0,2026-10-09T14:55:25.167724+00:00
2025-05-21,SUP003,Gamma Semiconductors,P007,Power Modules,EVT_2025-05-21_SUP003_P007,0.3838,False,0.3838,MEDIUM,supply_delay_classifier,1.0.0,2026-10-09T14:55:25.167724+00:00
2025-05-21,SUP001,Alpha Components,P008,Circuit Boards,EVT_2025-05-21_SUP001_P008,0.3668,False,0.3668,MEDIUM,supply_delay_classifier,1.0.0,2026-10-09T14:55:25.167724+00:00
2025-05-28,SUP002,Beta Electronics,P001,Microchips,EVT_2025-05-28_SUP002_P001,0.6121,True,0.6121,HIGH,supply_delay_classifier,1.0.0,2026-10-09T14:55:25.167724+00:00
2025-05-28,SUP001,Alpha Components,P002,Processors,EVT_2025-05-28_SUP001_P002,0.2702,False,0.2702,LOW,supply_delay_classifier,1.0.0,2026-10-09T14:55:25.167724+00:00
2025-05-28,SUP005,Epsilon Tech,P003,Memory Modules,EVT_2025-05-28_SUP005_P003,0.6042,True,0.6042,HIGH,supply_delay_classifier,1.0.0,2026-10-09T14:55:25.167724+00:00
2025-05-28,SUP008,Theta Components,P004,Display Panels,EVT_2025-05-28_SUP008_P004,0.0068,False,0.0068,LOW,supply_delay_classifier,1.0.0,2026-10-09T14:55:25.167724+00:00
2025-05-28,SUP003,Gamma Semiconductors,P005,Battery Cells,EVT_2025-05-28_SUP003_P005,0.3265,False,0.3265,MEDIUM,supply_delay_classifier,1.0.0,2026-10-09T14:55:25.167724+00:00
2025-05-28,SUP004,Delta Manufacturing,P006,Sensors,EVT_2025-05-28_SUP004_P006,0.4301,False,0.4301,MEDIUM,supply_delay_classifier,1.0.0,2026-10-09T14:55:25.167724+00:00
2025-05-28,SUP006,Zeta Industrial,P007,Power Modules,EVT_2025-05-28_SUP006_P007,0.2289,False,0.2289,LOW,supply_delay_classifier,1.0.0,2026-10-09T14:55:25.167724+00:00
2025-05-28,SUP007,Eta Systems,P008,Circuit Boards,EVT_2025-05-28_SUP007_P008,0.7609,True,0.7609,HIGH,supply_delay_classifier,1.0.0,2026-10-09T14:55:25.167724+00:00
2025-06-04,SUP007,Eta Systems,P001,Microchips,EVT_2025-06-04_SUP007_P001,0.41,False,0.41,MEDIUM,supply_delay_classifier,1.0.0,2026-10-09T14:55:25.167724+00:00
2025-06-04,SUP002,Beta Electronics,P002,Processors,EVT_2025-06-04_SUP002_P002,0.6373,True,0.6373,HIGH,supply_delay_classifier,1.0.0,2026-10-09T14:55:25.167724+00:00
2025-06-04,SUP006,Zeta Industrial,P003,Memory Modules,EVT_2025-06-04_SUP006_P003,0.2731,False,0.2731,LOW,supply_delay_classifier,1.0.0,2026-10-09T14:55:25.167724+00:00
2025-06-04,SUP008,Theta Components,P004,Display Panels,EVT_2025-06-04_SUP008_P004,0.2595,False,0.2595,LOW,supply_delay_classifier,1.0.0,2026-10-09T14:55:25.167724+00:00
2025-06-04,SUP003,Gamma Semiconductors,P005,Battery Cells,EVT_2025-06-04_SUP003_P005,0.274,False,0.274,LOW,supply_delay_classifier,1.0.0,2026-10-09T14:55:25.167724+00:00
2025-06-04,SUP005,Epsilon Tech,P006,Sensors,EVT_2025-06-04_SUP005_P006,0.5908,True,0.5908,MEDIUM,supply_delay_classifier,1.0.0,2026-10-09T14:55:25.167724+00:00
2025-06-04,SUP004,Delta Manufacturing,P007,Power Modules,EVT_2025-06-04_SUP004_P007,0.2415,False,0.2415,LOW,supply_delay_classifier,1.0.0,2026-10-09T14:55:25.167724+00:00
2025-06-04,SUP001,Alpha Components,P008,Circuit Boards,EVT_2025-06-04_SUP001_P008,0.4031,False,0.4031,MEDIUM,supply_delay_classifier,1.0.0,2026-10-09T14:55:25.167724+00:00
2025-06-11,SUP002,Beta Electronics,P001,Microchips,EVT_2025-06-11_SUP002_P001,0.7182,True,0.7182,HIGH,supply_delay_classifier,1.0.0,2026-10-09T14:55:25.167724+00:00
2025-06-11,SUP004,Delta Manufacturing,P002,Processors,EVT_2025-06-11_SUP004_P002,0.4329,False,0.4329,MEDIUM,supply_delay_classifier,1.0.0,2026-10-09T14:55:25.167724+00:00
2025-06-11,SUP008,Theta Components,P003,Memory Modules,EVT_2025-06-11_SUP008_P003,0.5803,True,0.5803,MEDIUM,supply_delay_classifier,1.0.0,2026-10-09T14:55:25.167724+00:00
2025-06-11,SUP007,Eta Systems,P004,Display Panels,EVT_2025-06-11_SUP007_P004,0.3455,False,0.3455,MEDIUM,supply_delay_classifier,1.0.0,2026-10-09T14:55:25.167724+00:00
2025-06-11,SUP003,Gamma Semiconductors,P005,Battery Cells,EVT_2025-06-11_SUP003_P005,0.4225,False,0.4225,MEDIUM,supply_delay_classifier,1.0.0,2026-10-09T14:55:25.167724+00:00
2025-06-11,SUP001,Alpha Components,P006,Sensors,EVT_2025-06-11_SUP001_P006,0.4446,False,0.4446,MEDIUM,supply_delay_classifier,1.0.0,2026-10-09T14:55:25.167724+00:00
2025-06-11,SUP006,Zeta Industrial,P007,Power Modules,EVT_2025-06-11_SUP006_P007,0.2932,False,0.2932,LOW,supply_delay_classifier,1.0.0,2026-10-09T14:55:25.167724+00:00
2025-06-11,SUP005,Epsilon Tech,P008,Circuit Boards,EVT_2025-06-11_SUP005_P008,0.7394,True,0.7394,HIGH,supply_delay_classifier,1.0.0,2026-10-09T14:55:25.167724+00:00
2025-06-18,SUP001,Alpha Components,P001,Microchips,EVT_2025-06-18_SUP001_P001,0.5047,True,0.5047,MEDIUM,supply_delay_classifier,1.0.0,2026-10-09T14:55:25.167724+00:00
2025-06-18,SUP002,Beta Electronics,P002,Processors,EVT_2025-06-18_SUP002_P002,0.3547,False,0.3547,MEDIUM,supply_delay_classifier,1.0.0,2026-10-09T14:55:25.167724+00:00
2025-06-18,SUP007,Eta Systems,P003,Memory Modules,EVT_2025-06-18_SUP007_P003,0.3954,False,0.3954,MEDIUM,supply_delay_classifier,1.0.0,2026-10-09T14:55:25.167724+00:00
2025-06-18,SUP006,Zeta Industrial,P004,Display Panels,EVT_2025-06-18_SUP006_P004,0.1058,False,0.1058,LOW,supply_delay_classifier,1.0.0,2026-10-09T14:55:25.167724+00:00
2025-06-18,SUP004,Delta Manufacturing,P005,Battery Cells,EVT_2025-06-18_SUP004_P005,0.7373,True,0.7373,HIGH,supply_delay_classifier,1.0.0,2026-10-09T14:55:25.167724+00:00
2025-06-18,SUP005,Epsilon Tech,P006,Sensors,EVT_2025-06-18_SUP005_P006,0.4193,False,0.4193,MEDIUM,supply_delay_classifier,1.0.0,2026-10-09T14:55:25.167724+00:00
2025-06-18,SUP003,Gamma Semiconductors,P007,Power Modules,EVT_2025-06-18_SUP003_P007,0.4704,False,0.4704,MEDIUM,supply_delay_classifier,1.0.0,2026-10-09T14:55:25.167724+00:00
2025-06-18,SUP008,Theta Components,P008,Circuit Boards,EVT_2025-06-18_SUP008_P008,0.3043,False,0.3043,MEDIUM,supply_delay_classifier,1.0.0,2026-10-09T14:55:25.167724+00:00
2025-06-25,SUP007,Eta Systems,P001,Microchips,EVT_2025-06-25_SUP007_P001,0.7015,True,0.7015,HIGH,supply_delay_classifier,1.0.0,2026-10-09T14:55:25.167724+00:00
2025-06-25,SUP008,Theta Components,P002,Processors,EVT_2025-06-25_SUP008_P002,0.2456,False,0.2456,LOW,supply_delay_classifier,1.0.0,2026-10-09T14:55:25.167724+00:00
2025-06-25,SUP003,Gamma Semiconductors,P003,Memory Modules,EVT_2025-06-25_SUP003_P003,0.6493,True,0.6493,HIGH,supply_delay_classifier,1.0.0,2026-10-09T14:55:25.167724+00:00
2025-06-25,SUP006,Zeta Industrial,P004,Display Panels,EVT_2025-06-25_SUP006_P004,0.1166,False,0.1166,LOW,supply_delay_classifier,1.0.0,2026-10-09T14:55:25.167724+00:00
2025-06-25,SUP002,Beta Electronics,P005,Battery Cells,EVT_2025-06-25_SUP002_P005,0.3497,False,0.3497,MEDIUM,supply_delay_classifier,1.0.0,2026-10-09T14:55:25.167724+00:00
2025-06-25,SUP005,Epsilon Tech,P006,Sensors,EVT_2025-06-25_SUP005_P006,0.7857,True,0.7857,HIGH,supply_delay_classifier,1.0.0,2026-10-09T14:55:25.167724+00:00
2025-06-25,SUP001,Alpha Components,P007,Power Modules,EVT_2025-06-25_SUP001_P007,0.3639,False,0.3639,MEDIUM,supply_delay_classifier,1.0.0,2026-10-09T14:55:25.167724+00:00
2025-06-25,SUP004,Delta Manufacturing,P008,Circuit Boards,EVT_2025-06-25_SUP004_P008,0.7995,True,0.7995,HIGH,supply_delay_classifier,1.0.0,2026-10-09T14:55:25.167724+00:00
2025-07-02,SUP007,Eta Systems,P001,Microchips,EVT_2025-07-02_SUP007_P001,0.5917,True,0.5917,MEDIUM,supply_delay_classifier,1.0.0,2026-10-09T14:55:25.167724+00:00
2025-07-02,SUP001,Alpha Components,P002,Processors,EVT_2025-07-02_SUP001_P002,0.2395,False,0.2395,LOW,supply_delay_classifier,1.0.0,2026-10-09T14:55:25.167724+00:00
2025-07-02,SUP002,Beta Electronics,P003,Memory Modules,EVT_2025-07-02_SUP002_P003,0.5226,True,0.5226,MEDIUM,supply_delay_classifier,1.0.0,2026-10-09T14:55:25.167724+00:00
2025-07-02,SUP005,Epsilon Tech,P004,Display Panels,EVT_2025-07-02_SUP005_P004,0.4774,False,0.4774,MEDIUM,supply_delay_classifier,1.0.0,2026-10-09T14:55:25.167724+00:00
2025-07-02,SUP006,Zeta Industrial,P005,Battery Cells,EVT_2025-07-02_SUP006_P005,0.2943,False,0.2943,LOW,supply_delay_classifier,1.0.0,2026-10-09T14:55:25.167724+00:00
2025-07-02,SUP008,Theta Components,P006,Sensors,EVT_2025-07-02_SUP008_P006,0.109,False,0.109,LOW,supply_delay_classifier,1.0.0,2026-10-09T14:55:25.167724+00:00
2025-07-02,SUP003,Gamma Semiconductors,P007,Power Modules,EVT_2025-07-02_SUP003_P007,0.0153,False,0.0153,LOW,supply_delay_classifier,1.0.0,2026-10-09T14:55:25.167724+00:00
2025-07-02,SUP004,Delta Manufacturing,P008,Circuit Boards,EVT_2025-07-02_SUP004_P008,0.6903,True,0.6903,HIGH,supply_delay_classifier,1.0.0,2026-10-09T14:55:25.167724+00:00
2025-07-09,SUP002,Beta Electronics,P001,Microchips,EVT_2025-07-09_SUP002_P001,0.4133,False,0.4133,MEDIUM,supply_delay_classifier,1.0.0,2026-10-09T14:55:25.167724+00:00
2025-07-09,SUP008,Theta Components,P002,Processors,EVT_2025-07-09_SUP008_P002,0.2981,False,0.2981,LOW,supply_delay_classifier,1.0.0,2026-10-09T14:55:25.167724+00:00
2025-07-09,SUP007,Eta Systems,P003,Memory Modules,EVT_2025-07-09_SUP007_P003,0.5668,True,0.5668,MEDIUM,supply_delay_classifier,1.0.0,2026-10-09T14:55:25.167724+00:00
2025-07-09,SUP006,Zeta Industrial,P004,Display Panels,EVT_2025-07-09_SUP006_P004,0.2442,False,0.2442,LOW,supply_delay_classifier,1.0.0,2026-10-09T14:55:25.167724+00:00
2025-07-09,SUP003,Gamma Semiconductors,P005,Battery Cells,EVT_2025-07-09_SUP003_P005,0.7333,True,0.7333,HIGH,supply_delay_classifier,1.0.0,2026-10-09T14:55:25.167724+00:00
2025-07-09,SUP004,Delta Manufacturing,P006,Sensors,EVT_2025-07-09_SUP004_P006,0.5564,True,0.5564,MEDIUM,supply_delay_classifier,1.0.0,2026-10-09T14:55:25.167724+00:00
2025-07-09,SUP001,Alpha Components,P007,Power Modules,EVT_2025-07-09_SUP001_P007,0.2849,False,0.2849,LOW,supply_delay_classifier,1.0.0,2026-10-09T14:55:25.167724+00:00
2025-07-09,SUP005,Epsilon Tech,P008,Circuit Boards,EVT_2025-07-09_SUP005_P008,0.8206,True,0.8206,CRITICAL,supply_delay_classifier,1.0.0,2026-10-09T14:55:25.167724+00:00
2025-07-16,SUP003,Gamma Semiconductors,P001,Microchips,EVT_2025-07-16_SUP003_P001,0.4097,False,0.4097,MEDIUM,supply_delay_classifier,1.0.0,2026-10-09T14:55:25.167724+00:00
2025-07-16,SUP006,Zeta Industrial,P002,Processors,EVT_2025-07-16_SUP006_P002,0.2735,False,0.2735,LOW,supply_delay_classifier,1.0.0,2026-10-09T14:55:25.167724+00:00
2025-07-16,SUP002,Beta Electronics,P003,Memory Modules,EVT_2025-07-16_SUP002_P003,0.4961,False,0.4961,MEDIUM,supply_delay_classifier,1.0.0,2026-10-09T14:55:25.167724+00:00
2025-07-16,SUP005,Epsilon Tech,P004,Display Panels,EVT_2025-07-16_SUP005_P004,0.443,False,0.443,MEDIUM,supply_delay_classifier,1.0.0,2026-10-09T14:55:25.167724+00:00
2025-07-16,SUP008,Theta Components,P005,Battery Cells,EVT_2025-07-16_SUP008_P005,0.0923,False,0.0923,LOW,supply_delay_classifier,1.0.0,2026-10-09T14:55:25.167724+00:00
2025-07-16,SUP004,Delta Manufacturing,P006,Sensors,EVT_2025-07-16_SUP004_P006,0.4819,False,0.4819,MEDIUM,supply_delay_classifier,1.0.0,2026-10-09T14:55:25.167724+00:00
2025-07-16,SUP007,Eta Systems,P007,Power Modules,EVT_2025-07-16_SUP007_P007,0.3923,False,0.3923,MEDIUM,supply_delay_classifier,1.0.0,2026-10-09T14:55:25.167724+00:00
2025-07-16,SUP001,Alpha Components,P008,Circuit Boards,EVT_2025-07-16_SUP001_P008,0.2585,False,0.2585,LOW,supply_delay_classifier,1.0.0,2026-10-09T14:55:25.167724+00:00
2025-07-23,SUP005,Epsilon Tech,P001,Microchips,EVT_2025-07-23_SUP005_P001,0.5882,True,0.5882,MEDIUM,supply_delay_classifier,1.0.0,2026-10-09T14:55:25.167724+00:00
2025-07-23,SUP004,Delta Manufacturing,P002,Processors,EVT_2025-07-23_SUP004_P002,0.6037,True,0.6037,HIGH,supply_delay_classifier,1.0.0,2026-10-09T14:55:25.167724+00:00
2025-07-23,SUP007,Eta Systems,P003,Memory Modules,EVT_2025-07-23_SUP007_P003,0.3016,False,0.3016,MEDIUM,supply_delay_classifier,1.0.0,2026-10-09T14:55:25.167724+00:00
2025-07-23,SUP006,Zeta Industrial,P004,Display Panels,EVT_2025-07-23_SUP006_P004,0.1332,False,0.1332,LOW,supply_delay_classifier,1.0.0,2026-10-09T14:55:25.167724+00:00
2025-07-23,SUP008,Theta Components,P005,Battery Cells,EVT_2025-07-23_SUP008_P005,0.0687,False,0.0687,LOW,supply_delay_classifier,1.0.0,2026-10-09T14:55:25.167724+00:00
2025-07-23,SUP001,Alpha Components,P006,Sensors,EVT_2025-07-23_SUP001_P006,0.4468,False,0.4468,MEDIUM,supply_delay_classifier,1.0.0,2026-10-09T14:55:25.167724+00:00
2025-07-23,SUP002,Beta Electronics,P007,Power Modules,EVT_2025-07-23_SUP002_P007,0.3878,False,0.3878,MEDIUM,supply_delay_classifier,1.0.0,2026-10-09T14:55:25.167724+00:00
2025-07-23,SUP003,Gamma Semiconductors,P008,Circuit Boards,EVT_2025-07-23_SUP003_P008,0.3945,False,0.3945,MEDIUM,supply_delay_classifier,1.0.0,2026-10-09T14:55:25.167724+00:00
2025-07-30,SUP001,Alpha Components,P001,Microchips,EVT_2025-07-30_SUP001_P001,0.5952,True,0.5952,MEDIUM,supply_delay_classifier,1.0.0,2026-10-09T14:55:25.167724+00:00
2025-07-30,SUP003,Gamma Semiconductors,P002,Processors,EVT_2025-07-30_SUP003_P002,0.2494,False,0.2494,LOW,supply_delay_classifier,1.0.0,2026-10-09T14:55:25.167724+00:00
2025-07-30,SUP007,Eta Systems,P003,Memory Modules,EVT_2025-07-30_SUP007_P003,0.3479,False,0.3479,MEDIUM,supply_delay_classifier,1.0.0,2026-10-09T14:55:25.167724+00:00
2025-07-30,SUP005,Epsilon Tech,P004,Display Panels,EVT_2025-07-30_SUP005_P004,0.6329,True,0.6329,HIGH,supply_delay_classifier,1.0.0,2026-10-09T14:55:25.167724+00:00
2025-07-30,SUP006,Zeta Industrial,P005,Battery Cells,EVT_2025-07-30_SUP006_P005,0.2544,False,0.2544,LOW,supply_delay_classifier,1.0.0,2026-10-09T14:55:25.167724+00:00
2025-07-30,SUP004,Delta Manufacturing,P006,Sensors,EVT_2025-07-30_SUP004_P006,0.475,False,0.475,MEDIUM,supply_delay_classifier,1.0.0,2026-10-09T14:55:25.167724+00:00
2025-07-30,SUP008,Theta Components,P007,Power Modules,EVT_2025-07-30_SUP008_P007,0.1272,False,0.1272,LOW,supply_delay_classifier,1.0.0,2026-10-09T14:55:25.167724+00:00
2025-07-30,SUP002,Beta Electronics,P008,Circuit Boards,EVT_2025-07-30_SUP002_P008,0.7874,True,0.7874,HIGH,supply_delay_classifier,1.0.0,2026-10-09T14:55:25.167724+00:00
2025-08-06,SUP001,Alpha Components,P001,Microchips,EVT_2025-08-06_SUP001_P001,0.3454,False,0.3454,MEDIUM,supply_delay_classifier,1.0.0,2026-10-09T14:55:25.167724+00:00
2025-08-06,SUP005,Epsilon Tech,P002,Processors,EVT_2025-08-06_SUP005_P002,0.6629,True,0.6629,HIGH,supply_delay_classifier,1.0.0,2026-10-09T14:55:25.167724+00:00
2025-08-06,SUP006,Zeta Industrial,P003,Memory Modules,EVT_2025-08-06_SUP006_P003,0.3789,False,0.3789,MEDIUM,supply_delay_classifier,1.0.0,2026-10-09T14:55:25.167724+00:00
2025-08-06,SUP008,Theta Components,P004,Display Panels,EVT_2025-08-06_SUP008_P004,0.2109,False,0.2109,LOW,supply_delay_classifier,1.0.0,2026-10-09T14:55:25.167724+00:00
2025-08-06,SUP003,Gamma Semiconductors,P005,Battery Cells,EVT_2025-08-06_SUP003_P005,0.214,False,0.214,LOW,supply_delay_classifier,1.0.0,2026-10-09T14:55:25.167724+00:00
2025-08-06,SUP002,Beta Electronics,P006,Sensors,EVT_2025-08-06_SUP002_P006,0.2258,False,0.2258,LOW,supply_delay_classifier,1.0.0,2026-10-09T14:55:25.167724+00:00
2025-08-06,SUP004,Delta Manufacturing,P007,Power Modules,EVT_2025-08-06_SUP004_P007,0.3748,False,0.3748,MEDIUM,supply_delay_classifier,1.0.0,2026-10-09T14:55:25.167724+00:00
2025-08-06,SUP007,Eta Systems,P008,Circuit Boards,EVT_2025-08-06_SUP007_P008,0.6425,True,0.6425,HIGH,supply_delay_classifier,1.0.0,2026-10-09T14:55:25.167724+00:00
2025-08-13,SUP002,Beta Electronics,P001,Microchips,EVT_2025-08-13_SUP002_P001,0.6707,True,0.6707,HIGH,supply_delay_classifier,1.0.0,2026-10-09T14:55:25.167724+00:00
2025-08-13,SUP005,Epsilon Tech,P002,Processors,EVT_2025-08-13_SUP005_P002,0.428,False,0.428,MEDIUM,supply_delay_classifier,1.0.0,2026-10-09T14:55:25.167724+00:00
2025-08-13,SUP003,Gamma Semiconductors,P003,Memory Modules,EVT_2025-08-13_SUP003_P003,0.2052,False,0.2052,LOW,supply_delay_classifier,1.0.0,2026-10-09T14:55:25.167724+00:00
2025-08-13,SUP008,Theta Components,P004,Display Panels,EVT_2025-08-13_SUP008_P004,0.1734,False,0.1734,LOW,supply_delay_classifier,1.0.0,2026-10-09T14:55:25.167724+00:00
2025-08-13,SUP006,Zeta Industrial,P005,Battery Cells,EVT_2025-08-13_SUP006_P005,0.1208,False,0.1208,LOW,supply_delay_classifier,1.0.0,2026-10-09T14:55:25.167724+00:00
2025-08-13,SUP004,Delta Manufacturing,P006,Sensors,EVT_2025-08-13_SUP004_P006,0.4251,False,0.4251,MEDIUM,supply_delay_classifier,1.0.0,2026-10-09T14:55:25.167724+00:00
2025-08-13,SUP007,Eta Systems,P007,Power Modules,EVT_2025-08-13_SUP007_P007,0.1941,False,0.1941,LOW,supply_delay_classifier,1.0.0,2026-10-09T14:55:25.167724+00:00
2025-08-13,SUP001,Alpha Components,P008,Circuit Boards,EVT_2025-08-13_SUP001_P008,0.5667,True,0.5667,MEDIUM,supply_delay_classifier,1.0.0,2026-10-09T14:55:25.167724+00:00
2025-08-20,SUP004,Delta Manufacturing,P001,Microchips,EVT_2025-08-20_SUP004_P001,0.3974,False,0.3974,MEDIUM,supply_delay_classifier,1.0.0,2026-10-09T14:55:25.167724+00:00
2025-08-20,SUP002,Beta Electronics,P002,Processors,EVT_2025-08-20_SUP002_P002,0.3237,False,0.3237,MEDIUM,supply_delay_classifier,1.0.0,2026-10-09T14:55:25.167724+00:00
2025-08-20,SUP006,Zeta Industrial,P003,Memory Modules,EVT_2025-08-20_SUP006_P003,0.2265,False,0.2265,LOW,supply_delay_classifier,1.0.0,2026-10-09T14:55:25.167724+00:00
2025-08-20,SUP003,Gamma Semiconductors,P004,Display Panels,EVT_2025-08-20_SUP003_P004,0.2197,False,0.2197,LOW,supply_delay_classifier,1.0.0,2026-10-09T14:55:25.167724+00:00
2025-08-20,SUP007,Eta Systems,P005,Battery Cells,EVT_2025-08-20_SUP007_P005,0.3518,False,0.3518,MEDIUM,supply_delay_classifier,1.0.0,2026-10-09T14:55:25.167724+00:00
2025-08-20,SUP005,Epsilon Tech,P006,Sensors,EVT_2025-08-20_SUP005_P006,0.726,True,0.726,HIGH,supply_delay_classifier,1.0.0,2026-10-09T14:55:25.167724+00:00
2025-08-20,SUP001,Alpha Components,P007,Power Modules,EVT_2025-08-20_SUP001_P007,0.2957,False,0.2957,LOW,supply_delay_classifier,1.0.0,2026-10-09T14:55:25.167724+00:00
2025-08-20,SUP008,Theta Components,P008,Circuit Boards,EVT_2025-08-20_SUP008_P008,0.2379,False,0.2379,LOW,supply_delay_classifier,1.0.0,2026-10-09T14:55:25.167724+00:00
2025-08-27,SUP002,Beta Electronics,P001,Microchips,EVT_2025-08-27_SUP002_P001,0.3416,False,0.3416,MEDIUM,supply_delay_classifier,1.0.0,2026-10-09T14:55:25.167724+00:00
2025-08-27,SUP007,Eta Systems,P002,Processors,EVT_2025-08-27_SUP007_P002,0.547,True,0.547,MEDIUM,supply_delay_classifier,1.0.0,2026-10-09T14:55:25.167724+00:00
2025-08-27,SUP003,Gamma Semiconductors,P003,Memory Modules,EVT_2025-08-27_SUP003_P003,0.6279,True,0.6279,HIGH,supply_delay_classifier,1.0.0,2026-10-09T14:55:25.167724+00:00
2025-08-27,SUP004,Delta Manufacturing,P004,Display Panels,EVT_2025-08-27_SUP004_P004,0.4835,False,0.4835,MEDIUM,supply_delay_classifier,1.0.0,2026-10-09T14:55:25.167724+00:00
2025-08-27,SUP001,Alpha Components,P005,Battery Cells,EVT_2025-08-27_SUP001_P005,0.2057,False,0.2057,LOW,supply_delay_classifier,1.0.0,2026-10-09T14:55:25.167724+00:00
2025-08-27,SUP008,Theta Components,P006,Sensors,EVT_2025-08-27_SUP008_P006,0.3728,False,0.3728,MEDIUM,supply_delay_classifier,1.0.0,2026-10-09T14:55:25.167724+00:00
2025-08-27,SUP006,Zeta Industrial,P007,Power Modules,EVT_2025-08-27_SUP006_P007,0.2979,False,0.2979,LOW,supply_delay_classifier,1.0.0,2026-10-09T14:55:25.167724+00:00
2025-08-27,SUP005,Epsilon Tech,P008,Circuit Boards,EVT_2025-08-27_SUP005_P008,0.7812,True,0.7812,HIGH,supply_delay_classifier,1.0.0,2026-10-09T14:55:25.167724+00:00
2025-09-03,SUP006,Zeta Industrial,P001,Microchips,EVT_2025-09-03_SUP006_P001,0.4357,False,0.4357,MEDIUM,supply_delay_classifier,1.0.0,2026-10-09T14:55:25.167724+00:00
2025-09-03,SUP007,Eta Systems,P002,Processors,EVT_2025-09-03_SUP007_P002,0.613,True,0.613,HIGH,supply_delay_classifier,1.0.0,2026-10-09T14:55:25.167724+00:00
2025-09-03,SUP003,Gamma Semiconductors,P003,Memory Modules,EVT_2025-09-03_SUP003_P003,0.6388,True,0.6388,HIGH,supply_delay_classifier,1.0.0,2026-10-09T14:55:25.167724+00:00
2025-09-03,SUP002,Beta Electronics,P004,Display Panels,EVT_2025-09-03_SUP002_P004,0.3637,False,0.3637,MEDIUM,supply_delay_classifier,1.0.0,2026-10-09T14:55:25.167724+00:00
2025-09-03,SUP008,Theta Components,P005,Battery Cells,EVT_2025-09-03_SUP008_P005,0.1682,False,0.1682,LOW,supply_delay_classifier,1.0.0,2026-10-09T14:55:25.167724+00:00
2025-09-03,SUP004,Delta Manufacturing,P006,Sensors,EVT_2025-09-03_SUP004_P006,0.5125,True,0.5125,MEDIUM,supply_delay_classifier,1.0.0,2026-10-09T14:55:25.167724+00:00
2025-09-03,SUP001,Alpha Components,P007,Power Modules,EVT_2025-09-03_SUP001_P007,0.1631,False,0.1631,LOW,supply_delay_classifier,1.0.0,2026-10-09T14:55:25.167724+00:00
2025-09-03,SUP005,Epsilon Tech,P008,Circuit Boards,EVT_2025-09-03_SUP005_P008,0.4018,False,0.4018,MEDIUM,supply_delay_classifier,1.0.0,2026-10-09T14:55:25.167724+00:00
2025-09-10,SUP002,Beta Electronics,P001,Microchips,EVT_2025-09-10_SUP002_P001,0.6007,True,0.6007,HIGH,supply_delay_classifier,1.0.0,2026-10-09T14:55:25.167724+00:00
2025-09-10,SUP006,Zeta Industrial,P002,Processors,EVT_2025-09-10_SUP006_P002,0.3288,False,0.3288,MEDIUM,supply_delay_classifier,1.0.0,2026-10-09T14:55:25.167724+00:00
2025-09-10,SUP001,Alpha Components,P003,Memory Modules,EVT_2025-09-10_SUP001_P003,0.4694,False,0.4694,MEDIUM,supply_delay_classifier,1.0.0,2026-10-09T14:55:25.167724+00:00
2025-09-10,SUP003,Gamma Semiconductors,P004,Display Panels,EVT_2025-09-10_SUP003_P004,0.5378,True,0.5378,MEDIUM,supply_delay_classifier,1.0.0,2026-10-09T14:55:25.167724+00:00
2025-09-10,SUP005,Epsilon Tech,P005,Battery Cells,EVT_2025-09-10_SUP005_P005,0.6322,True,0.6322,HIGH,supply_delay_classifier,1.0.0,2026-10-09T14:55:25.167724+00:00
2025-09-10,SUP004,Delta Manufacturing,P006,Sensors,EVT_2025-09-10_SUP004_P006,0.4649,False,0.4649,MEDIUM,supply_delay_classifier,1.0.0,2026-10-09T14:55:25.167724+00:00
2025-09-10,SUP008,Theta Components,P007,Power Modules,EVT_2025-09-10_SUP008_P007,0.0829,False,0.0829,LOW,supply_delay_classifier,1.0.0,2026-10-09T14:55:25.167724+00:00
2025-09-10,SUP007,Eta Systems,P008,Circuit Boards,EVT_2025-09-10_SUP007_P008,0.3916,False,0.3916,MEDIUM,supply_delay_classifier,1.0.0,2026-10-09T14:55:25.167724+00:00
2025-09-17,SUP001,Alpha Components,P001,Microchips,EVT_2025-09-17_SUP001_P001,0.539,True,0.539,MEDIUM,supply_delay_classifier,1.0.0,2026-10-09T14:55:25.167724+00:00
2025-09-17,SUP003,Gamma Semiconductors,P002,Processors,EVT_2025-09-17_SUP003_P002,0.5508,True,0.5508,MEDIUM,supply_delay_classifier,1.0.0,2026-10-09T14:55:25.167724+00:00
2025-09-17,SUP002,Beta Electronics,P003,Memory Modules,EVT_2025-09-17_SUP002_P003,0.5363,True,0.5363,MEDIUM,supply_delay_classifier,1.0.0,2026-10-09T14:55:25.167724+00:00
2025-09-17,SUP004,Delta Manufacturing,P004,Display Panels,EVT_2025-09-17_SUP004_P004,0.5012,True,0.5012,MEDIUM,supply_delay_classifier,1.0.0,2026-10-09T14:55:25.167724+00:00
2025-09-17,SUP008,Theta Components,P005,Battery Cells,EVT_2025-09-17_SUP008_P005,0.2583,False,0.2583,LOW,supply_delay_classifier,1.0.0,2026-10-09T14:55:25.167724+00:00
2025-09-17,SUP006,Zeta Industrial,P006,Sensors,EVT_2025-09-17_SUP006_P006,0.3675,False,0.3675,MEDIUM,supply_delay_classifier,1.0.0,2026-10-09T14:55:25.167724+00:00
2025-09-17,SUP007,Eta Systems,P007,Power Modules,EVT_2025-09-17_SUP007_P007,0.132,False,0.132,LOW,supply_delay_classifier,1.0.0,2026-10-09T14:55:25.167724+00:00
2025-09-17,SUP005,Epsilon Tech,P008,Circuit Boards,EVT_2025-09-17_SUP005_P008,0.5588,True,0.5588,MEDIUM,supply_delay_classifier,1.0.0,2026-10-09T14:55:25.167724+00:00
2025-09-24,SUP008,Theta Components,P001,Microchips,EVT_2025-09-24_SUP008_P001,0.3452,False,0.3452,MEDIUM,supply_delay_classifier,1.0.0,2026-10-09T14:55:25.167724+00:00
2025-09-24,SUP002,Beta Electronics,P002,Processors,EVT_2025-09-24_SUP002_P002,0.2718,False,0.2718,LOW,supply_delay_classifier,1.0.0,2026-10-09T14:55:25.167724+00:00
2025-09-24,SUP004,Delta Manufacturing,P003,Memory Modules,EVT_2025-09-24_SUP004_P003,0.6473,True,0.6473,HIGH,supply_delay_classifier,1.0.0,2026-10-09T14:55:25.167724+00:00
2025-09-24,SUP003,Gamma Semiconductors,P004,Display Panels,EVT_2025-09-24_SUP003_P004,0.2402,False,0.2402,LOW,supply_delay_classifier,1.0.0,2026-10-09T14:55:25.167724+00:00
2025-09-24,SUP007,Eta Systems,P005,Battery Cells,EVT_2025-09-24_SUP007_P005,0.4646,False,0.4646,MEDIUM,supply_delay_classifier,1.0.0,2026-10-09T14:55:25.167724+00:00
2025-09-24,SUP006,Zeta Industrial,P006,Sensors,EVT_2025-09-24_SUP006_P006,0.1566,False,0.1566,LOW,supply_delay_classifier,1.0.0,2026-10-09T14:55:25.167724+00:00
2025-09-24,SUP001,Alpha Components,P007,Power Modules,EVT_2025-09-24_SUP001_P007,0.191,False,0.191,LOW,supply_delay_classifier,1.0.0,2026-10-09T14:55:25.167724+00:00
2025-09-24,SUP005,Epsilon Tech,P008,Circuit Boards,EVT_2025-09-24_SUP005_P008,0.7727,True,0.7727,HIGH,supply_delay_classifier,1.0.0,2026-10-09T14:55:25.167724+00:00
2025-10-01,SUP007,Eta Systems,P001,Microchips,EVT_2025-10-01_SUP007_P001,0.4474,False,0.4474,MEDIUM,supply_delay_classifier,1.0.0,2026-10-09T14:55:25.167724+00:00
2025-10-01,SUP004,Delta Manufacturing,P002,Processors,EVT_2025-10-01_SUP004_P002,0.4732,False,0.4732,MEDIUM,supply_delay_classifier,1.0.0,2026-10-09T14:55:25.167724+00:00
2025-10-01,SUP005,Epsilon Tech,P003,Memory Modules,EVT_2025-10-01_SUP005_P003,0.8321,True,0.8321,CRITICAL,supply_delay_classifier,1.0.0,2026-10-09T14:55:25.167724+00:00
2025-10-01,SUP002,Beta Electronics,P004,Display Panels,EVT_2025-10-01_SUP002_P004,0.0782,False,0.0782,LOW,supply_delay_classifier,1.0.0,2026-10-09T14:55:25.167724+00:00
2025-10-01,SUP003,Gamma Semiconductors,P005,Battery Cells,EVT_2025-10-01_SUP003_P005,0.4561,False,0.4561,MEDIUM,supply_delay_classifier,1.0.0,2026-10-09T14:55:25.167724+00:00
2025-10-01,SUP001,Alpha Components,P006,Sensors,EVT_2025-10-01_SUP001_P006,0.4763,False,0.4763,MEDIUM,supply_delay_classifier,1.0.0,2026-10-09T14:55:25.167724+00:00
2025-10-01,SUP008,Theta Components,P007,Power Modules,EVT_2025-10-01_SUP008_P007,0.0522,False,0.0522,LOW,supply_delay_classifier,1.0.0,2026-10-09T14:55:25.167724+00:00
2025-10-01,SUP006,Zeta Industrial,P008,Circuit Boards,EVT_2025-10-01_SUP006_P008,0.2832,False,0.2832,LOW,supply_delay_classifier,1.0.0,2026-10-09T14:55:25.167724+00:00
2025-10-08,SUP005,Epsilon Tech,P001,Microchips,EVT_2025-10-08_SUP005_P001,0.7315,True,0.7315,HIGH,supply_delay_classifier,1.0.0,2026-10-09T14:55:25.167724+00:00
2025-10-08,SUP007,Eta Systems,P002,Processors,EVT_2025-10-08_SUP007_P002,0.4917,False,0.4917,MEDIUM,supply_delay_classifier,1.0.0,2026-10-09T14:55:25.167724+00:00
2025-10-08,SUP003,Gamma Semiconductors,P003,Memory Modules,EVT_2025-10-08_SUP003_P003,0.1511,False,0.1511,LOW,supply_delay_classifier,1.0.0,2026-10-09T14:55:25.167724+00:00
2025-10-08,SUP008,Theta Components,P004,Display Panels,EVT_2025-10-08_SUP008_P004,0.1903,False,0.1903,LOW,supply_delay_classifier,1.0.0,2026-10-09T14:55:25.167724+00:00
2025-10-08,SUP001,Alpha Components,P005,Battery Cells,EVT_2025-10-08_SUP001_P005,0.3551,False,0.3551,MEDIUM,supply_delay_classifier,1.0.0,2026-10-09T14:55:25.167724+00:00
2025-10-08,SUP006,Zeta Industrial,P006,Sensors,EVT_2025-10-08_SUP006_P006,0.2857,False,0.2857,LOW,supply_delay_classifier,1.0.0,2026-10-09T14:55:25.167724+00:00
2025-10-08,SUP004,Delta Manufacturing,P007,Power Modules,EVT_2025-10-08_SUP004_P007,0.0206,False,0.0206,LOW,supply_delay_classifier,1.0.0,2026-10-09T14:55:25.167724+00:00
2025-10-08,SUP002,Beta Electronics,P008,Circuit Boards,EVT_2025-10-08_SUP002_P008,0.7348,True,0.7348,HIGH,supply_delay_classifier,1.0.0,2026-10-09T14:55:25.167724+00:00
2025-10-15,SUP006,Zeta Industrial,P001,Microchips,EVT_2025-10-15_SUP006_P001,0.2732,False,0.2732,LOW,supply_delay_classifier,1.0.0,2026-10-09T14:55:25.167724+00:00
2025-10-15,SUP001,Alpha Components,P002,Processors,EVT_2025-10-15_SUP001_P002,0.2824,False,0.2824,LOW,supply_delay_classifier,1.0.0,2026-10-09T14:55:25.167724+00:00
2025-10-15,SUP007,Eta Systems,P003,Memory Modules,EVT_2025-10-15_SUP007_P003,0.4129,False,0.4129,MEDIUM,supply_delay_classifier,1.0.0,2026-10-09T14:55:25.167724+00:00
2025-10-15,SUP002,Beta Electronics,P004,Display Panels,EVT_2025-10-15_SUP002_P004,0.1809,False,0.1809,LOW,supply_delay_classifier,1.0.0,2026-10-09T14:55:25.167724+00:00
2025-10-15,SUP005,Epsilon Tech,P005,Battery Cells,EVT_2025-10-15_SUP005_P005,0.5177,True,0.5177,MEDIUM,supply_delay_classifier,1.0.0,2026-10-09T14:55:25.167724+00:00
2025-10-15,SUP003,Gamma Semiconductors,P006,Sensors,EVT_2025-10-15_SUP003_P006,0.4153,False,0.4153,MEDIUM,supply_delay_classifier,1.0.0,2026-10-09T14:55:25.167724+00:00
2025-10-15,SUP004,Delta Manufacturing,P007,Power Modules,EVT_2025-10-15_SUP004_P007,0.4483,False,0.4483,MEDIUM,supply_delay_classifier,1.0.0,2026-10-09T14:55:25.167724+00:00
2025-10-15,SUP008,Theta Components,P008,Circuit Boards,EVT_2025-10-15_SUP008_P008,0.6565,True,0.6565,HIGH,supply_delay_classifier,1.0.0,2026-10-09T14:55:25.167724+00:00
2025-10-22,SUP004,Delta Manufacturing,P001,Microchips,EVT_2025-10-22_SUP004_P001,0.7184,True,0.7184,HIGH,supply_delay_classifier,1.0.0,2026-10-09T14:55:25.167724+00:00
2025-10-22,SUP008,Theta Components,P002,Processors,EVT_2025-10-22_SUP008_P002,0.1527,False,0.1527,LOW,supply_delay_classifier,1.0.0,2026-10-09T14:55:25.167724+00:00
2025-10-22,SUP003,Gamma Semiconductors,P003,Memory Modules,EVT_2025-10-22_SUP003_P003,0.3655,False,0.3655,MEDIUM,supply_delay_classifier,1.0.0,2026-10-09T14:55:25.167724+00:00
2025-10-22,SUP002,Beta Electronics,P004,Display Panels,EVT_2025-10-22_SUP002_P004,0.3343,False,0.3343,MEDIUM,supply_delay_classifier,1.0.0,2026-10-09T14:55:25.167724+00:00
2025-10-22,SUP005,Epsilon Tech,P005,Battery Cells,EVT_2025-10-22_SUP005_P005,0.2392,False,0.2392,LOW,supply_delay_classifier,1.0.0,2026-10-09T14:55:25.167724+00:00
2025-10-22,SUP006,Zeta Industrial,P006,Sensors,EVT_2025-10-22_SUP006_P006,0.2407,False,0.2407,LOW,supply_delay_classifier,1.0.0,2026-10-09T14:55:25.167724+00:00
2025-10-22,SUP001,Alpha Components,P007,Power Modules,EVT_2025-10-22_SUP001_P007,0.2876,False,0.2876,LOW,supply_delay_classifier,1.0.0,2026-10-09T14:55:25.167724+00:00
2025-10-22,SUP007,Eta Systems,P008,Circuit Boards,EVT_2025-10-22_SUP007_P008,0.3174,False,0.3174,MEDIUM,supply_delay_classifier,1.0.0,2026-10-09T14:55:25.167724+00:00
2025-10-29,SUP007,Eta Systems,P001,Microchips,EVT_2025-10-29_SUP007_P001,0.5224,True,0.5224,MEDIUM,supply_delay_classifier,1.0.0,2026-10-09T14:55:25.167724+00:00
2025-10-29,SUP006,Zeta Industrial,P002,Processors,EVT_2025-10-29_SUP006_P002,0.1738,False,0.1738,LOW,supply_delay_classifier,1.0.0,2026-10-09T14:55:25.167724+00:00
2025-10-29,SUP003,Gamma Semiconductors,P003,Memory Modules,EVT_2025-10-29_SUP003_P003,0.5445,True,0.5445,MEDIUM,supply_delay_classifier,1.0.0,2026-10-09T14:55:25.167724+00:00
2025-10-29,SUP008,Theta Components,P004,Display Panels,EVT_2025-10-29_SUP008_P004,0.2209,False,0.2209,LOW,supply_delay_classifier,1.0.0,2026-10-09T14:55:25.167724+00:00
2025-10-29,SUP001,Alpha Components,P005,Battery Cells,EVT_2025-10-29_SUP001_P005,0.3879,False,0.3879,MEDIUM,supply_delay_classifier,1.0.0,2026-10-09T14:55:25.167724+00:00
2025-10-29,SUP002,Beta Electronics,P006,Sensors,EVT_2025-10-29_SUP002_P006,0.2661,False,0.2661,LOW,supply_delay_classifier,1.0.0,2026-10-09T14:55:25.167724+00:00
2025-10-29,SUP004,Delta Manufacturing,P007,Power Modules,EVT_2025-10-29_SUP004_P007,0.4867,False,0.4867,MEDIUM,supply_delay_classifier,1.0.0,2026-10-09T14:55:25.167724+00:00
2025-10-29,SUP005,Epsilon Tech,P008,Circuit Boards,EVT_2025-10-29_SUP005_P008,0.796,True,0.796,HIGH,supply_delay_classifier,1.0.0,2026-10-09T14:55:25.167724+00:00
2025-11-05,SUP008,Theta Components,P001,Microchips,EVT_2025-11-05_SUP008_P001,0.0104,False,0.0104,LOW,supply_delay_classifier,1.0.0,2026-10-09T14:55:25.167724+00:00
2025-11-05,SUP002,Beta Electronics,P002,Processors,EVT_2025-11-05_SUP002_P002,0.1787,False,0.1787,LOW,supply_delay_classifier,1.0.0,2026-10-09T14:55:25.167724+00:00
2025-11-05,SUP005,Epsilon Tech,P003,Memory Modules,EVT_2025-11-05_SUP005_P003,0.6421,True,0.6421,HIGH,supply_delay_classifier,1.0.0,2026-10-09T14:55:25.167724+00:00
2025-11-05,SUP007,Eta Systems,P004,Display Panels,EVT_2025-11-05_SUP007_P004,0.4561,False,0.4561,MEDIUM,supply_delay_classifier,1.0.0,2026-10-09T14:55:25.167724+00:00
2025-11-05,SUP006,Zeta Industrial,P005,Battery Cells,EVT_2025-11-05_SUP006_P005,0.2268,False,0.2268,LOW,supply_delay_classifier,1.0.0,2026-10-09T14:55:25.167724+00:00
2025-11-05,SUP003,Gamma Semiconductors,P006,Sensors,EVT_2025-11-05_SUP003_P006,0.8769,True,0.8769,CRITICAL,supply_delay_classifier,1.0.0,2026-10-09T14:55:25.167724+00:00
2025-11-05,SUP004,Delta Manufacturing,P007,Power Modules,EVT_2025-11-05_SUP004_P007,0.4993,False,0.4993,MEDIUM,supply_delay_classifier,1.0.0,2026-10-09T14:55:25.167724+00:00
2025-11-05,SUP001,Alpha Components,P008,Circuit Boards,EVT_2025-11-05_SUP001_P008,0.5294,True,0.5294,MEDIUM,supply_delay_classifier,1.0.0,2026-10-09T14:55:25.167724+00:00
2025-11-12,SUP004,Delta Manufacturing,P001,Microchips,EVT_2025-11-12_SUP004_P001,0.0268,False,0.0268,LOW,supply_delay_classifier,1.0.0,2026-10-09T14:55:25.167724+00:00
2025-11-12,SUP002,Beta Electronics,P002,Processors,EVT_2025-11-12_SUP002_P002,0.5829,True,0.5829,MEDIUM,supply_delay_classifier,1.0.0,2026-10-09T14:55:25.167724+00:00
2025-11-12,SUP005,Epsilon Tech,P003,Memory Modules,EVT_2025-11-12_SUP005_P003,0.5401,True,0.5401,MEDIUM,supply_delay_classifier,1.0.0,2026-10-09T14:55:25.167724+00:00
2025-11-12,SUP006,Zeta Industrial,P004,Display Panels,EVT_2025-11-12_SUP006_P004,0.1135,False,0.1135,LOW,supply_delay_classifier,1.0.0,2026-10-09T14:55:25.167724+00:00
2025-11-12,SUP001,Alpha Components,P005,Battery Cells,EVT_2025-11-12_SUP001_P005,0.2933,False,0.2933,LOW,supply_delay_classifier,1.0.0,2026-10-09T14:55:25.167724+00:00
2025-11-12,SUP003,Gamma Semiconductors,P006,Sensors,EVT_2025-11-12_SUP003_P006,0.549,True,0.549,MEDIUM,supply_delay_classifier,1.0.0,2026-10-09T14:55:25.167724+00:00
2025-11-12,SUP007,Eta Systems,P007,Power Modules,EVT_2025-11-12_SUP007_P007,0.2828,False,0.2828,LOW,supply_delay_classifier,1.0.0,2026-10-09T14:55:25.167724+00:00
2025-11-12,SUP008,Theta Components,P008,Circuit Boards,EVT_2025-11-12_SUP008_P008,0.4437,False,0.4437,MEDIUM,supply_delay_classifier,1.0.0,2026-10-09T14:55:25.167724+00:00
2025-11-19,SUP008,Theta Components,P001,Microchips,EVT_2025-11-19_SUP008_P001,0.3477,False,0.3477,MEDIUM,supply_delay_classifier,1.0.0,2026-10-09T14:55:25.167724+00:00
2025-11-19,SUP006,Zeta Industrial,P002,Processors,EVT_2025-11-19_SUP006_P002,0.4397,False,0.4397,MEDIUM,supply_delay_classifier,1.0.0,2026-10-09T14:55:25.167724+00:00
2025-11-19,SUP001,Alpha Components,P003,Memory Modules,EVT_2025-11-19_SUP001_P003,0.1877,False,0.1877,LOW,supply_delay_classifier,1.0.0,2026-10-09T14:55:25.167724+00:00
2025-11-19,SUP005,Epsilon Tech,P004,Display Panels,EVT_2025-11-19_SUP005_P004,0.6152,True,0.6152,HIGH,supply_delay_classifier,1.0.0,2026-10-09T14:55:25.167724+00:00
2025-11-19,SUP004,Delta Manufacturing,P005,Battery Cells,EVT_2025-11-19_SUP004_P005,0.7239,True,0.7239,HIGH,supply_delay_classifier,1.0.0,2026-10-09T14:55:25.167724+00:00
2025-11-19,SUP002,Beta Electronics,P006,Sensors,EVT_2025-11-19_SUP002_P006,0.3602,False,0.3602,MEDIUM,supply_delay_classifier,1.0.0,2026-10-09T14:55:25.167724+00:00
2025-11-19,SUP007,Eta Systems,P007,Power Modules,EVT_2025-11-19_SUP007_P007,0.0397,False,0.0397,LOW,supply_delay_classifier,1.0.0,2026-10-09T14:55:25.167724+00:00
2025-11-19,SUP003,Gamma Semiconductors,P008,Circuit Boards,EVT_2025-11-19_SUP003_P008,0.3921,False,0.3921,MEDIUM,supply_delay_classifier,1.0.0,2026-10-09T14:55:25.167724+00:00
2025-11-26,SUP002,Beta Electronics,P001,Microchips,EVT_2025-11-26_SUP002_P001,0.7049,True,0.7049,HIGH,supply_delay_classifier,1.0.0,2026-10-09T14:55:25.167724+00:00
2025-11-26,SUP008,Theta Components,P002,Processors,EVT_2025-11-26_SUP008_P002,0.2957,False,0.2957,LOW,supply_delay_classifier,1.0.0,2026-10-09T14:55:25.167724+00:00
2025-11-26,SUP004,Delta Manufacturing,P003,Memory Modules,EVT_2025-11-26_SUP004_P003,0.6757,True,0.6757,HIGH,supply_delay_classifier,1.0.0,2026-10-09T14:55:25.167724+00:00
2025-11-26,SUP006,Zeta Industrial,P004,Display Panels,EVT_2025-11-26_SUP006_P004,0.1441,False,0.1441,LOW,supply_delay_classifier,1.0.0,2026-10-09T14:55:25.167724+00:00
2025-11-26,SUP001,Alpha Components,P005,Battery Cells,EVT_2025-11-26_SUP001_P005,0.2265,False,0.2265,LOW,supply_delay_classifier,1.0.0,2026-10-09T14:55:25.167724+00:00
2025-11-26,SUP003,Gamma Semiconductors,P006,Sensors,EVT_2025-11-26_SUP003_P006,0.536,True,0.536,MEDIUM,supply_delay_classifier,1.0.0,2026-10-09T14:55:25.167724+00:00
2025-11-26,SUP007,Eta Systems,P007,Power Modules,EVT_2025-11-26_SUP007_P007,0.1593,False,0.1593,LOW,supply_delay_classifier,1.0.0,2026-10-09T14:55:25.167724+00:00
2025-11-26,SUP005,Epsilon Tech,P008,Circuit Boards,EVT_2025-11-26_SUP005_P008,0.7817,True,0.7817,HIGH,supply_delay_classifier,1.0.0,2026-10-09T14:55:25.167724+00:00
2025-12-03,SUP007,Eta Systems,P001,Microchips,EVT_2025-12-03_SUP007_P001,0.582,True,0.582,MEDIUM,supply_delay_classifier,1.0.0,2026-10-09T14:55:25.167724+00:00
2025-12-03,SUP004,Delta Manufacturing,P002,Processors,EVT_2025-12-03_SUP004_P002,0.2163,False,0.2163,LOW,supply_delay_classifier,1.0.0,2026-10-09T14:55:25.167724+00:00
2025-12-03,SUP002,Beta Electronics,P003,Memory Modules,EVT_2025-12-03_SUP002_P003,0.7073,True,0.7073,HIGH,supply_delay_classifier,1.0.0,2026-10-09T14:55:25.167724+00:00
2025-12-03,SUP003,Gamma Semiconductors,P004,Display Panels,EVT_2025-12-03_SUP003_P004,0.3632,False,0.3632,MEDIUM,supply_delay_classifier,1.0.0,2026-10-09T14:55:25.167724+00:00
2025-12-03,SUP006,Zeta Industrial,P005,Battery Cells,EVT_2025-12-03_SUP006_P005,0.2418,False,0.2418,LOW,supply_delay_classifier,1.0.0,2026-10-09T14:55:25.167724+00:00
2025-12-03,SUP005,Epsilon Tech,P006,Sensors,EVT_2025-12-03_SUP005_P006,0.6783,True,0.6783,HIGH,supply_delay_classifier,1.0.0,2026-10-09T14:55:25.167724+00:00
2025-12-03,SUP001,Alpha Components,P007,Power Modules,EVT_2025-12-03_SUP001_P007,0.3142,False,0.3142,MEDIUM,supply_delay_classifier,1.0.0,2026-10-09T14:55:25.167724+00:00
2025-12-03,SUP008,Theta Components,P008,Circuit Boards,EVT_2025-12-03_SUP008_P008,0.1426,False,0.1426,LOW,supply_delay_classifier,1.0.0,2026-10-09T14:55:25.167724+00:00
2025-12-10,SUP006,Zeta Industrial,P001,Microchips,EVT_2025-12-10_SUP006_P001,0.1741,False,0.1741,LOW,supply_delay_classifier,1.0.0,2026-10-09T14:55:25.167724+00:00
2025-12-10,SUP002,Beta Electronics,P002,Processors,EVT_2025-12-10_SUP002_P002,0.3432,False,0.3432,MEDIUM,supply_delay_classifier,1.0.0,2026-10-09T14:55:25.167724+00:00
2025-12-10,SUP001,Alpha Components,P003,Memory Modules,EVT_2025-12-10_SUP001_P003,0.1881,False,0.1881,LOW,supply_delay_classifier,1.0.0,2026-10-09T14:55:25.167724+00:00
2025-12-10,SUP005,Epsilon Tech,P004,Display Panels,EVT_2025-12-10_SUP005_P004,0.422,False,0.422,MEDIUM,supply_delay_classifier,1.0.0,2026-10-09T14:55:25.167724+00:00
2025-12-10,SUP007,Eta Systems,P005,Battery Cells,EVT_2025-12-10_SUP007_P005,0.4023,False,0.4023,MEDIUM,supply_delay_classifier,1.0.0,2026-10-09T14:55:25.167724+00:00
2025-12-10,SUP004,Delta Manufacturing,P006,Sensors,EVT_2025-12-10_SUP004_P006,0.5563,True,0.5563,MEDIUM,supply_delay_classifier,1.0.0,2026-10-09T14:55:25.167724+00:00
2025-12-10,SUP003,Gamma Semiconductors,P007,Power Modules,EVT_2025-12-10_SUP003_P007,0.3066,False,0.3066,MEDIUM,supply_delay_classifier,1.0.0,2026-10-09T14:55:25.167724+00:00
2025-12-10,SUP008,Theta Components,P008,Circuit Boards,EVT_2025-12-10_SUP008_P008,0.0085,False,0.0085,LOW,supply_delay_classifier,1.0.0,2026-10-09T14:55:25.167724+00:00
2025-12-17,SUP004,Delta Manufacturing,P001,Microchips,EVT_2025-12-17_SUP004_P001,0.6359,True,0.6359,HIGH,supply_delay_classifier,1.0.0,2026-10-09T14:55:25.167724+00:00
2025-12-17,SUP007,Eta Systems,P002,Processors,EVT_2025-12-17_SUP007_P002,0.5315,True,0.5315,MEDIUM,supply_delay_classifier,1.0.0,2026-10-09T14:55:25.167724+00:00
2025-12-17,SUP008,Theta Components,P003,Memory Modules,EVT_2025-12-17_SUP008_P003,0.3286,False,0.3286,MEDIUM,supply_delay_classifier,1.0.0,2026-10-09T14:55:25.167724+00:00
2025-12-17,SUP003,Gamma Semiconductors,P004,Display Panels,EVT_2025-12-17_SUP003_P004,0.0133,False,0.0133,LOW,supply_delay_classifier,1.0.0,2026-10-09T14:55:25.167724+00:00
2025-12-17,SUP006,Zeta Industrial,P005,Battery Cells,EVT_2025-12-17_SUP006_P005,0.4579,False,0.4579,MEDIUM,supply_delay_classifier,1.0.0,2026-10-09T14:55:25.167724+00:00
2025-12-17,SUP002,Beta Electronics,P006,Sensors,EVT_2025-12-17_SUP002_P006,0.5153,True,0.5153,MEDIUM,supply_delay_classifier,1.0.0,2026-10-09T14:55:25.167724+00:00
2025-12-17,SUP001,Alpha Components,P007,Power Modules,EVT_2025-12-17_SUP001_P007,0.0045,False,0.0045,LOW,supply_delay_classifier,1.0.0,2026-10-09T14:55:25.167724+00:00
2025-12-17,SUP005,Epsilon Tech,P008,Circuit Boards,EVT_2025-12-17_SUP005_P008,0.4384,False,0.4384,MEDIUM,supply_delay_classifier,1.0.0,2026-10-09T14:55:25.167724+00:00
2025-12-24,SUP007,Eta Systems,P001,Microchips,EVT_2025-12-24_SUP007_P001,0.7271,True,0.7271,HIGH,supply_delay_classifier,1.0.0,2026-10-09T14:55:25.167724+00:00
2025-12-24,SUP003,Gamma Semiconductors,P002,Processors,EVT_2025-12-24_SUP003_P002,0.0384,False,0.0384,LOW,supply_delay_classifier,1.0.0,2026-10-09T14:55:25.167724+00:00
2025-12-24,SUP005,Epsilon Tech,P003,Memory Modules,EVT_2025-12-24_SUP005_P003,0.5205,True,0.5205,MEDIUM,supply_delay_classifier,1.0.0,2026-10-09T14:55:25.167724+00:00
2025-12-24,SUP008,Theta Components,P004,Display Panels,EVT_2025-12-24_SUP008_P004,0.2295,False,0.2295,LOW,supply_delay_classifier,1.0.0,2026-10-09T14:55:25.167724+00:00
2025-12-24,SUP001,Alpha Components,P005,Battery Cells,EVT_2025-12-24_SUP001_P005,0.1389,False,0.1389,LOW,supply_delay_classifier,1.0.0,2026-10-09T14:55:25.167724+00:00
2025-12-24,SUP006,Zeta Industrial,P006,Sensors,EVT_2025-12-24_SUP006_P006,0.3137,False,0.3137,MEDIUM,supply_delay_classifier,1.0.0,2026-10-09T14:55:25.167724+00:00
2025-12-24,SUP002,Beta Electronics,P007,Power Modules,EVT_2025-12-24_SUP002_P007,0.4979,False,0.4979,MEDIUM,supply_delay_classifier,1.0.0,2026-10-09T14:55:25.167724+00:00
2025-12-24,SUP004,Delta Manufacturing,P008,Circuit Boards,EVT_2025-12-24_SUP004_P008,0.5996,True,0.5996,MEDIUM,supply_delay_classifier,1.0.0,2026-10-09T14:55:25.167724+00:00
2025-12-31,SUP001,Alpha Components,P001,Microchips,EVT_2025-12-31_SUP001_P001,0.5422,True,0.5422,MEDIUM,supply_delay_classifier,1.0.0,2026-10-09T14:55:25.167724+00:00
2025-12-31,SUP004,Delta Manufacturing,P002,Processors,EVT_2025-12-31_SUP004_P002,0.7246,True,0.7246,HIGH,supply_delay_classifier,1.0.0,2026-10-09T14:55:25.167724+00:00
2025-12-31,SUP005,Epsilon Tech,P003,Memory Modules,EVT_2025-12-31_SUP005_P003,0.8324,True,0.8324,CRITICAL,supply_delay_classifier,1.0.0,2026-10-09T14:55:25.167724+00:00
2025-12-31,SUP006,Zeta Industrial,P004,Display Panels,EVT_2025-12-31_SUP006_P004,0.1595,False,0.1595,LOW,supply_delay_classifier,1.0.0,2026-10-09T14:55:25.167724+00:00
2025-12-31,SUP002,Beta Electronics,P005,Battery Cells,EVT_2025-12-31_SUP002_P005,0.4095,False,0.4095,MEDIUM,supply_delay_classifier,1.0.0,2026-10-09T14:55:25.167724+00:00
2025-12-31,SUP008,Theta Components,P006,Sensors,EVT_2025-12-31_SUP008_P006,0.2653,False,0.2653,LOW,supply_delay_classifier,1.0.0,2026-10-09T14:55:25.167724+00:00
2025-12-31,SUP007,Eta Systems,P007,Power Modules,EVT_2025-12-31_SUP007_P007,0.4696,False,0.4696,MEDIUM,supply_delay_classifier,1.0.0,2026-10-09T14:55:25.167724+00:00
2025-12-31,SUP003,Gamma Semiconductors,P008,Circuit Boards,EVT_2025-12-31_SUP003_P008,0.5803,True,0.5803,MEDIUM,supply_delay_classifier,1.0.0,2026-10-09T14:55:25.167724+00:00
2026-01-07,SUP006,Zeta Industrial,P001,Microchips,EVT_2026-01-07_SUP006_P001,0.0098,False,0.0098,LOW,supply_delay_classifier,1.0.0,2026-10-09T14:55:25.167724+00:00
2026-01-07,SUP007,Eta Systems,P002,Processors,EVT_2026-01-07_SUP007_P002,0.4032,False,0.4032,MEDIUM,supply_delay_classifier,1.0.0,2026-10-09T14:55:25.167724+00:00
2026-01-07,SUP003,Gamma Semiconductors,P003,Memory Modules,EVT_2026-01-07_SUP003_P003,0.6062,True,0.6062,HIGH,supply_delay_classifier,1.0.0,2026-10-09T14:55:25.167724+00:00
2026-01-07,SUP005,Epsilon Tech,P004,Display Panels,EVT_2026-01-07_SUP005_P004,0.6613,True,0.6613,HIGH,supply_delay_classifier,1.0.0,2026-10-09T14:55:25.167724+00:00
2026-01-07,SUP002,Beta Electronics,P005,Battery Cells,EVT_2026-01-07_SUP002_P005,0.2931,False,0.2931,LOW,supply_delay_classifier,1.0.0,2026-10-09T14:55:25.167724+00:00
2026-01-07,SUP004,Delta Manufacturing,P006,Sensors,EVT_2026-01-07_SUP004_P006,0.3052,False,0.3052,MEDIUM,supply_delay_classifier,1.0.0,2026-10-09T14:55:25.167724+00:00
2026-01-07,SUP001,Alpha Components,P007,Power Modules,EVT_2026-01-07_SUP001_P007,0.3322,False,0.3322,MEDIUM,supply_delay_classifier,1.0.0,2026-10-09T14:55:25.167724+00:00
2026-01-07,SUP008,Theta Components,P008,Circuit Boards,EVT_2026-01-07_SUP008_P008,0.2558,False,0.2558,LOW,supply_delay_classifier,1.0.0,2026-10-09T14:55:25.167724+00:00
2026-01-14,SUP002,Beta Electronics,P001,Microchips,EVT_2026-01-14_SUP002_P001,0.6515,True,0.6515,HIGH,supply_delay_classifier,1.0.0,2026-10-09T14:55:25.167724+00:00
2026-01-14,SUP008,Theta Components,P002,Processors,EVT_2026-01-14_SUP008_P002,0.1959,False,0.1959,LOW,supply_delay_classifier,1.0.0,2026-10-09T14:55:25.167724+00:00
2026-01-14,SUP006,Zeta Industrial,P003,Memory Modules,EVT_2026-01-14_SUP006_P003,0.355,False,0.355,MEDIUM,supply_delay_classifier,1.0.0,2026-10-09T14:55:25.167724+00:00
2026-01-14,SUP007,Eta Systems,P004,Display Panels,EVT_2026-01-14_SUP007_P004,0.4618,False,0.4618,MEDIUM,supply_delay_classifier,1.0.0,2026-10-09T14:55:25.167724+00:00
2026-01-14,SUP003,Gamma Semiconductors,P005,Battery Cells,EVT_2026-01-14_SUP003_P005,0.4895,False,0.4895,MEDIUM,supply_delay_classifier,1.0.0,2026-10-09T14:55:25.167724+00:00
2026-01-14,SUP001,Alpha Components,P006,Sensors,EVT_2026-01-14_SUP001_P006,0.4687,False,0.4687,MEDIUM,supply_delay_classifier,1.0.0,2026-10-09T14:55:25.167724+00:00
2026-01-14,SUP005,Epsilon Tech,P007,Power Modules,EVT_2026-01-14_SUP005_P007,0.4007,False,0.4007,MEDIUM,supply_delay_classifier,1.0.0,2026-10-09T14:55:25.167724+00:00
2026-01-14,SUP004,Delta Manufacturing,P008,Circuit Boards,EVT_2026-01-14_SUP004_P008,0.6116,True,0.6116,HIGH,supply_delay_classifier,1.0.0,2026-10-09T14:55:25.167724+00:00
2026-01-21,SUP007,Eta Systems,P001,Microchips,EVT_2026-01-21_SUP007_P001,0.4526,False,0.4526,MEDIUM,supply_delay_classifier,1.0.0,2026-10-09T14:55:25.167724+00:00
2026-01-21,SUP003,Gamma Semiconductors,P002,Processors,EVT_2026-01-21_SUP003_P002,0.7071,True,0.7071,HIGH,supply_delay_classifier,1.0.0,2026-10-09T14:55:25.167724+00:00
2026-01-21,SUP004,Delta Manufacturing,P003,Memory Modules,EVT_2026-01-21_SUP004_P003,0.5514,True,0.5514,MEDIUM,supply_delay_classifier,1.0.0,2026-10-09T14:55:25.167724+00:00
2026-01-21,SUP001,Alpha Components,P004,Display Panels,EVT_2026-01-21_SUP001_P004,0.2888,False,0.2888,LOW,supply_delay_classifier,1.0.0,2026-10-09T14:55:25.167724+00:00
2026-01-21,SUP005,Epsilon Tech,P005,Battery Cells,EVT_2026-01-21_SUP005_P005,0.6495,True,0.6495,HIGH,supply_delay_classifier,1.0.0,2026-10-09T14:55:25.167724+00:00
2026-01-21,SUP006,Zeta Industrial,P006,Sensors,EVT_2026-01-21_SUP006_P006,0.5206,True,0.5206,MEDIUM,supply_delay_classifier,1.0.0,2026-10-09T14:55:25.167724+00:00
2026-01-21,SUP002,Beta Electronics,P007,Power Modules,EVT_2026-01-21_SUP002_P007,0.1726,False,0.1726,LOW,supply_delay_classifier,1.0.0,2026-10-09T14:55:25.167724+00:00
2026-01-21,SUP008,Theta Components,P008,Circuit Boards,EVT_2026-01-21_SUP008_P008,0.0084,False,0.0084,LOW,supply_delay_classifier,1.0.0,2026-10-09T14:55:25.167724+00:00
2026-01-28,SUP008,Theta Components,P001,Microchips,EVT_2026-01-28_SUP008_P001,0.1641,False,0.1641,LOW,supply_delay_classifier,1.0.0,2026-10-09T14:55:25.167724+00:00
2026-01-28,SUP001,Alpha Components,P002,Processors,EVT_2026-01-28_SUP001_P002,0.2071,False,0.2071,LOW,supply_delay_classifier,1.0.0,2026-10-09T14:55:25.167724+00:00
2026-01-28,SUP004,Delta Manufacturing,P003,Memory Modules,EVT_2026-01-28_SUP004_P003,0.4967,False,0.4967,MEDIUM,supply_delay_classifier,1.0.0,2026-10-09T14:55:25.167724+00:00
2026-01-28,SUP007,Eta Systems,P004,Display Panels,EVT_2026-01-28_SUP007_P004,0.2065,False,0.2065,LOW,supply_delay_classifier,1.0.0,2026-10-09T14:55:25.167724+00:00
2026-01-28,SUP003,Gamma Semiconductors,P005,Battery Cells,EVT_2026-01-28_SUP003_P005,0.776,True,0.776,HIGH,supply_delay_classifier,1.0.0,2026-10-09T14:55:25.167724+00:00
2026-01-28,SUP006,Zeta Industrial,P006,Sensors,EVT_2026-01-28_SUP006_P006,0.4729,False,0.4729,MEDIUM,supply_delay_classifier,1.0.0,2026-10-09T14:55:25.167724+00:00
2026-01-28,SUP002,Beta Electronics,P007,Power Modules,EVT_2026-01-28_SUP002_P007,0.9944,True,0.9944,CRITICAL,supply_delay_classifier,1.0.0,2026-10-09T14:55:25.167724+00:00
2026-01-28,SUP005,Epsilon Tech,P008,Circuit Boards,EVT_2026-01-28_SUP005_P008,0.7133,True,0.7133,HIGH,supply_delay_classifier,1.0.0,2026-10-09T14:55:25.167724+00:00
2026-02-04,SUP004,Delta Manufacturing,P001,Microchips,EVT_2026-02-04_SUP004_P001,0.408,False,0.408,MEDIUM,supply_delay_classifier,1.0.0,2026-10-09T14:55:25.167724+00:00
2026-02-04,SUP002,Beta Electronics,P002,Processors,EVT_2026-02-04_SUP002_P002,0.6633,True,0.6633,HIGH,supply_delay_classifier,1.0.0,2026-10-09T14:55:25.167724+00:00
2026-02-04,SUP003,Gamma Semiconductors,P003,Memory Modules,EVT_2026-02-04_SUP003_P003,0.5241,True,0.5241,MEDIUM,supply_delay_classifier,1.0.0,2026-10-09T14:55:25.167724+00:00
2026-02-04,SUP005,Epsilon Tech,P004,Display Panels,EVT_2026-02-04_SUP005_P004,0.4954,False,0.4954,MEDIUM,supply_delay_classifier,1.0.0,2026-10-09T14:55:25.167724+00:00
2026-02-04,SUP007,Eta Systems,P005,Battery Cells,EVT_2026-02-04_SUP007_P005,0.258,False,0.258,LOW,supply_delay_classifier,1.0.0,2026-10-09T14:55:25.167724+00:00
2026-02-04,SUP006,Zeta Industrial,P006,Sensors,EVT_2026-02-04_SUP006_P006,0.2254,False,0.2254,LOW,supply_delay_classifier,1.0.0,2026-10-09T14:55:25.167724+00:00
2026-02-04,SUP008,Theta Components,P007,Power Modules,EVT_2026-02-04_SUP008_P007,0.2745,False,0.2745,LOW,supply_delay_classifier,1.0.0,2026-10-09T14:55:25.167724+00:00
2026-02-04,SUP001,Alpha Components,P008,Circuit Boards,EVT_2026-02-04_SUP001_P008,0.2682,False,0.2682,LOW,supply_delay_classifier,1.0.0,2026-10-09T14:55:25.167724+00:00
2026-02-11,SUP002,Beta Electronics,P001,Microchips,EVT_2026-02-11_SUP002_P001,0.6475,True,0.6475,HIGH,supply_delay_classifier,1.0.0,2026-10-09T14:55:25.167724+00:00
2026-02-11,SUP005,Epsilon Tech,P002,Processors,EVT_2026-02-11_SUP005_P002,0.6469,True,0.6469,HIGH,supply_delay_classifier,1.0.0,2026-10-09T14:55:25.167724+00:00
2026-02-11,SUP001,Alpha Components,P003,Memory Modules,EVT_2026-02-11_SUP001_P003,0.4664,False,0.4664,MEDIUM,supply_delay_classifier,1.0.0,2026-10-09T14:55:25.167724+00:00
2026-02-11,SUP006,Zeta Industrial,P004,Display Panels,EVT_2026-02-11_SUP006_P004,0.1687,False,0.1687,LOW,supply_delay_classifier,1.0.0,2026-10-09T14:55:25.167724+00:00
2026-02-11,SUP004,Delta Manufacturing,P005,Battery Cells,EVT_2026-02-11_SUP004_P005,0.4271,False,0.4271,MEDIUM,supply_delay_classifier,1.0.0,2026-10-09T14:55:25.167724+00:00
2026-02-11,SUP008,Theta Components,P006,Sensors,EVT_2026-02-11_SUP008_P006,0.1483,False,0.1483,LOW,supply_delay_classifier,1.0.0,2026-10-09T14:55:25.167724+00:00
2026-02-11,SUP007,Eta Systems,P007,Power Modules,EVT_2026-02-11_SUP007_P007,0.4869,False,0.4869,MEDIUM,supply_delay_classifier,1.0.0,2026-10-09T14:55:25.167724+00:00
2026-02-11,SUP003,Gamma Semiconductors,P008,Circuit Boards,EVT_2026-02-11_SUP003_P008,0.6508,True,0.6508,HIGH,supply_delay_classifier,1.0.0,2026-10-09T14:55:25.167724+00:00
2026-02-18,SUP005,Epsilon Tech,P001,Microchips,EVT_2026-02-18_SUP005_P001,0.8029,True,0.8029,CRITICAL,supply_delay_classifier,1.0.0,2026-10-09T14:55:25.167724+00:00
2026-02-18,SUP006,Zeta Industrial,P002,Processors,EVT_2026-02-18_SUP006_P002,0.3453,False,0.3453,MEDIUM,supply_delay_classifier,1.0.0,2026-10-09T14:55:25.167724+00:00
2026-02-18,SUP004,Delta Manufacturing,P003,Memory Modules,EVT_2026-02-18_SUP004_P003,0.6167,True,0.6167,HIGH,supply_delay_classifier,1.0.0,2026-10-09T14:55:25.167724+00:00
2026-02-18,SUP003,Gamma Semiconductors,P004,Display Panels,EVT_2026-02-18_SUP003_P004,0.9971,True,0.9971,CRITICAL,supply_delay_classifier,1.0.0,2026-10-09T14:55:25.167724+00:00
2026-02-18,SUP001,Alpha Components,P005,Battery Cells,EVT_2026-02-18_SUP001_P005,0.4648,False,0.4648,MEDIUM,supply_delay_classifier,1.0.0,2026-10-09T14:55:25.167724+00:00
2026-02-18,SUP007,Eta Systems,P006,Sensors,EVT_2026-02-18_SUP007_P006,0.4742,False,0.4742,MEDIUM,supply_delay_classifier,1.0.0,2026-10-09T14:55:25.167724+00:00
2026-02-18,SUP008,Theta Components,P007,Power Modules,EVT_2026-02-18_SUP008_P007,0.1926,False,0.1926,LOW,supply_delay_classifier,1.0.0,2026-10-09T14:55:25.167724+00:00
2026-02-18,SUP002,Beta Electronics,P008,Circuit Boards,EVT_2026-02-18_SUP002_P008,0.179,False,0.179,LOW,supply_delay_classifier,1.0.0,2026-10-09T14:55:25.167724+00:00
2026-02-25,SUP003,Gamma Semiconductors,P001,Microchips,EVT_2026-02-25_SUP003_P001,0.4548,False,0.4548,MEDIUM,supply_delay_classifier,1.0.0,2026-10-09T14:55:25.167724+00:00
2026-02-25,SUP005,Epsilon Tech,P002,Processors,EVT_2026-02-25_SUP005_P002,0.6561,True,0.6561,HIGH,supply_delay_classifier,1.0.0,2026-10-09T14:55:25.167724+00:00
2026-02-25,SUP007,Eta Systems,P003,Memory Modules,EVT_2026-02-25_SUP007_P003,0.6219,True,0.6219,HIGH,supply_delay_classifier,1.0.0,2026-10-09T14:55:25.167724+00:00
2026-02-25,SUP008,Theta Components,P004,Display Panels,EVT_2026-02-25_SUP008_P004,0.1712,False,0.1712,LOW,supply_delay_classifier,1.0.0,2026-10-09T14:55:25.167724+00:00
2026-02-25,SUP006,Zeta Industrial,P005,Battery Cells,EVT_2026-02-25_SUP006_P005,0.1958,False,0.1958,LOW,supply_delay_classifier,1.0.0,2026-10-09T14:55:25.167724+00:00
2026-02-25,SUP004,Delta Manufacturing,P006,Sensors,EVT_2026-02-25_SUP004_P006,0.9933,True,0.9933,CRITICAL,supply_delay_classifier,1.0.0,2026-10-09T14:55:25.167724+00:00
2026-02-25,SUP001,Alpha Components,P007,Power Modules,EVT_2026-02-25_SUP001_P007,0.4063,False,0.4063,MEDIUM,supply_delay_classifier,1.0.0,2026-10-09T14:55:25.167724+00:00
2026-02-25,SUP002,Beta Electronics,P008,Circuit Boards,EVT_2026-02-25_SUP002_P008,0.4508,False,0.4508,MEDIUM,supply_delay_classifier,1.0.0,2026-10-09T14:55:25.167724+00:00
2026-03-04,SUP006,Zeta Industrial,P001,Microchips,EVT_2026-03-04_SUP006_P001,0.4345,False,0.4345,MEDIUM,supply_delay_classifier,1.0.0,2026-10-09T14:55:25.167724+00:00
2026-03-04,SUP001,Alpha Components,P002,Processors,EVT_2026-03-04_SUP001_P002,0.228,False,0.228,LOW,supply_delay_classifier,1.0.0,2026-10-09T14:55:25.167724+00:00
2026-03-04,SUP005,Epsilon Tech,P003,Memory Modules,EVT_2026-03-04_SUP005_P003,0.7963,True,0.7963,HIGH,supply_delay_classifier,1.0.0,2026-10-09T14:55:25.167724+00:00
2026-03-04,SUP003,Gamma Semiconductors,P004,Display Panels,EVT_2026-03-04_SUP003_P004,0.331,False,0.331,MEDIUM,supply_delay_classifier,1.0.0,2026-10-09T14:55:25.167724+00:00
2026-03-04,SUP002,Beta Electronics,P005,Battery Cells,EVT_2026-03-04_SUP002_P005,0.4498,False,0.4498,MEDIUM,supply_delay_classifier,1.0.0,2026-10-09T14:55:25.167724+00:00
2026-03-04,SUP008,Theta Components,P006,Sensors,EVT_2026-03-04_SUP008_P006,0.2395,False,0.2395,LOW,supply_delay_classifier,1.0.0,2026-10-09T14:55:25.167724+00:00
2026-03-04,SUP007,Eta Systems,P007,Power Modules,EVT_2026-03-04_SUP007_P007,0.4381,False,0.4381,MEDIUM,supply_delay_classifier,1.0.0,2026-10-09T14:55:25.167724+00:00
2026-03-04,SUP004,Delta Manufacturing,P008,Circuit Boards,EVT_2026-03-04_SUP004_P008,0.5845,True,0.5845,MEDIUM,supply_delay_classifier,1.0.0,2026-10-09T14:55:25.167724+00:00
2026-03-11,SUP006,Zeta Industrial,P001,Microchips,EVT_2026-03-11_SUP006_P001,0.329,False,0.329,MEDIUM,supply_delay_classifier,1.0.0,2026-10-09T14:55:25.167724+00:00
2026-03-11,SUP005,Epsilon Tech,P002,Processors,EVT_2026-03-11_SUP005_P002,0.6063,True,0.6063,HIGH,supply_delay_classifier,1.0.0,2026-10-09T14:55:25.167724+00:00
2026-03-11,SUP001,Alpha Components,P003,Memory Modules,EVT_2026-03-11_SUP001_P003,0.4591,False,0.4591,MEDIUM,supply_delay_classifier,1.0.0,2026-10-09T14:55:25.167724+00:00
2026-03-11,SUP008,Theta Components,P004,Display Panels,EVT_2026-03-11_SUP008_P004,0.1751,False,0.1751,LOW,supply_delay_classifier,1.0.0,2026-10-09T14:55:25.167724+00:00
2026-03-11,SUP004,Delta Manufacturing,P005,Battery Cells,EVT_2026-03-11_SUP004_P005,0.4512,False,0.4512,MEDIUM,supply_delay_classifier,1.0.0,2026-10-09T14:55:25.167724+00:00
2026-03-11,SUP002,Beta Electronics,P006,Sensors,EVT_2026-03-11_SUP002_P006,0.5335,True,0.5335,MEDIUM,supply_delay_classifier,1.0.0,2026-10-09T14:55:25.167724+00:00
2026-03-11,SUP007,Eta Systems,P007,Power Modules,EVT_2026-03-11_SUP007_P007,0.5237,True,0.5237,MEDIUM,supply_delay_classifier,1.0.0,2026-10-09T14:55:25.167724+00:00
2026-03-11,SUP003,Gamma Semiconductors,P008,Circuit Boards,EVT_2026-03-11_SUP003_P008,0.7593,True,0.7593,HIGH,supply_delay_classifier,1.0.0,2026-10-09T14:55:25.167724+00:00
2026-03-18,SUP003,Gamma Semiconductors,P001,Microchips,EVT_2026-03-18_SUP003_P001,0.728,True,0.728,HIGH,supply_delay_classifier,1.0.0,2026-10-09T14:55:25.167724+00:00
2026-03-18,SUP004,Delta Manufacturing,P002,Processors,EVT_2026-03-18_SUP004_P002,0.4602,False,0.4602,MEDIUM,supply_delay_classifier,1.0.0,2026-10-09T14:55:25.167724+00:00
2026-03-18,SUP001,Alpha Components,P003,Memory Modules,EVT_2026-03-18_SUP001_P003,0.3782,False,0.3782,MEDIUM,supply_delay_classifier,1.0.0,2026-10-09T14:55:25.167724+00:00
2026-03-18,SUP005,Epsilon Tech,P004,Display Panels,EVT_2026-03-18_SUP005_P004,0.426,False,0.426,MEDIUM,supply_delay_classifier,1.0.0,2026-10-09T14:55:25.167724+00:00
2026-03-18,SUP006,Zeta Industrial,P005,Battery Cells,EVT_2026-03-18_SUP006_P005,0.1999,False,0.1999,LOW,supply_delay_classifier,1.0.0,2026-10-09T14:55:25.167724+00:00
2026-03-18,SUP002,Beta Electronics,P006,Sensors,EVT_2026-03-18_SUP002_P006,0.6359,True,0.6359,HIGH,supply_delay_classifier,1.0.0,2026-10-09T14:55:25.167724+00:00
2026-03-18,SUP008,Theta Components,P007,Power Modules,EVT_2026-03-18_SUP008_P007,0.1392,False,0.1392,LOW,supply_delay_classifier,1.0.0,2026-10-09T14:55:25.167724+00:00
2026-03-18,SUP007,Eta Systems,P008,Circuit Boards,EVT_2026-03-18_SUP007_P008,0.5772,True,0.5772,MEDIUM,supply_delay_classifier,1.0.0,2026-10-09T14:55:25.167724+00:00
2026-03-25,SUP005,Epsilon Tech,P001,Microchips,EVT_2026-03-25_SUP005_P001,0.8972,True,0.8972,CRITICAL,supply_delay_classifier,1.0.0,2026-10-09T14:55:25.167724+00:00
2026-03-25,SUP007,Eta Systems,P002,Processors,EVT_2026-03-25_SUP007_P002,0.2965,False,0.2965,LOW,supply_delay_classifier,1.0.0,2026-10-09T14:55:25.167724+00:00
2026-03-25,SUP003,Gamma Semiconductors,P003,Memory Modules,EVT_2026-03-25_SUP003_P003,0.9985,True,0.9985,CRITICAL,supply_delay_classifier,1.0.0,2026-10-09T14:55:25.167724+00:00
2026-03-25,SUP001,Alpha Components,P004,Display Panels,EVT_2026-03-25_SUP001_P004,0.3774,False,0.3774,MEDIUM,supply_delay_classifier,1.0.0,2026-10-09T14:55:25.167724+00:00
2026-03-25,SUP004,Delta Manufacturing,P005,Battery Cells,EVT_2026-03-25_SUP004_P005,0.3376,False,0.3376,MEDIUM,supply_delay_classifier,1.0.0,2026-10-09T14:55:25.167724+00:00
2026-03-25,SUP008,Theta Components,P006,Sensors,EVT_2026-03-25_SUP008_P006,0.254,False,0.254,LOW,supply_delay_classifier,1.0.0,2026-10-09T14:55:25.167724+00:00
2026-03-25,SUP002,Beta Electronics,P007,Power Modules,EVT_2026-03-25_SUP002_P007,0.5812,True,0.5812,MEDIUM,supply_delay_classifier,1.0.0,2026-10-09T14:55:25.167724+00:00
2026-03-25,SUP006,Zeta Industrial,P008,Circuit Boards,EVT_2026-03-25_SUP006_P008,0.5579,True,0.5579,MEDIUM,supply_delay_classifier,1.0.0,2026-10-09T14:55:25.167724+00:00
2026-04-01,SUP007,Eta Systems,P001,Microchips,EVT_2026-04-01_SUP007_P001,0.5938,True,0.5938,MEDIUM,supply_delay_classifier,1.0.0,2026-10-09T14:55:25.167724+00:00
2026-04-01,SUP002,Beta Electronics,P002,Processors,EVT_2026-04-01_SUP002_P002,0.409,False,0.409,MEDIUM,supply_delay_classifier,1.0.0,2026-10-09T14:55:25.167724+00:00
2026-04-01,SUP001,Alpha Components,P003,Memory Modules,EVT_2026-04-01_SUP001_P003,0.4504,False,0.4504,MEDIUM,supply_delay_classifier,1.0.0,2026-10-09T14:55:25.167724+00:00
2026-04-01,SUP004,Delta Manufacturing,P004,Display Panels,EVT_2026-04-01_SUP004_P004,0.1168,False,0.1168,LOW,supply_delay_classifier,1.0.0,2026-10-09T14:55:25.167724+00:00
2026-04-01,SUP003,Gamma Semiconductors,P005,Battery Cells,EVT_2026-04-01_SUP003_P005,0.317,False,0.317,MEDIUM,supply_delay_classifier,1.0.0,2026-10-09T14:55:25.167724+00:00
2026-04-01,SUP006,Zeta Industrial,P006,Sensors,EVT_2026-04-01_SUP006_P006,0.1554,False,0.1554,LOW,supply_delay_classifier,1.0.0,2026-10-09T14:55:25.167724+00:00
2026-04-01,SUP005,Epsilon Tech,P007,Power Modules,EVT_2026-04-01_SUP005_P007,0.4998,False,0.4998,MEDIUM,supply_delay_classifier,1.0.0,2026-10-09T14:55:25.167724+00:00
2026-04-01,SUP008,Theta Components,P008,Circuit Boards,EVT_2026-04-01_SUP008_P008,0.3719,False,0.3719,MEDIUM,supply_delay_classifier,1.0.0,2026-10-09T14:55:25.167724+00:00
2026-04-08,SUP006,Zeta Industrial,P001,Microchips,EVT_2026-04-08_SUP006_P001,0.43,False,0.43,MEDIUM,supply_delay_classifier,1.0.0,2026-10-09T14:55:25.167724+00:00
2026-04-08,SUP004,Delta Manufacturing,P002,Processors,EVT_2026-04-08_SUP004_P002,0.3702,False,0.3702,MEDIUM,supply_delay_classifier,1.0.0,2026-10-09T14:55:25.167724+00:00
2026-04-08,SUP005,Epsilon Tech,P003,Memory Modules,EVT_2026-04-08_SUP005_P003,0.7944,True,0.7944,HIGH,supply_delay_classifier,1.0.0,2026-10-09T14:55:25.167724+00:00
2026-04-08,SUP002,Beta Electronics,P004,Display Panels,EVT_2026-04-08_SUP002_P004,0.3628,False,0.3628,MEDIUM,supply_delay_classifier,1.0.0,2026-10-09T14:55:25.167724+00:00
2026-04-08,SUP007,Eta Systems,P005,Battery Cells,EVT_2026-04-08_SUP007_P005,0.5417,True,0.5417,MEDIUM,supply_delay_classifier,1.0.0,2026-10-09T14:55:25.167724+00:00
2026-04-08,SUP001,Alpha Components,P006,Sensors,EVT_2026-04-08_SUP001_P006,0.3031,False,0.3031,MEDIUM,supply_delay_classifier,1.0.0,2026-10-09T14:55:25.167724+00:00
2026-04-08,SUP003,Gamma Semiconductors,P007,Power Modules,EVT_2026-04-08_SUP003_P007,0.31,False,0.31,MEDIUM,supply_delay_classifier,1.0.0,2026-10-09T14:55:25.167724+00:00
2026-04-08,SUP008,Theta Components,P008,Circuit Boards,EVT_2026-04-08_SUP008_P008,0.2869,False,0.2869,LOW,supply_delay_classifier,1.0.0,2026-10-09T14:55:25.167724+00:00
2026-04-15,SUP005,Epsilon Tech,P001,Microchips,EVT_2026-04-15_SUP005_P001,0.9985,True,0.9985,CRITICAL,supply_delay_classifier,1.0.0,2026-10-09T14:55:25.167724+00:00
2026-04-15,SUP007,Eta Systems,P002,Processors,EVT_2026-04-15_SUP007_P002,0.4577,False,0.4577,MEDIUM,supply_delay_classifier,1.0.0,2026-10-09T14:55:25.167724+00:00
2026-04-15,SUP003,Gamma Semiconductors,P003,Memory Modules,EVT_2026-04-15_SUP003_P003,0.4842,False,0.4842,MEDIUM,supply_delay_classifier,1.0.0,2026-10-09T14:55:25.167724+00:00
2026-04-15,SUP004,Delta Manufacturing,P004,Display Panels,EVT_2026-04-15_SUP004_P004,0.2411,False,0.2411,LOW,supply_delay_classifier,1.0.0,2026-10-09T14:55:25.167724+00:00
2026-04-15,SUP006,Zeta Industrial,P005,Battery Cells,EVT_2026-04-15_SUP006_P005,0.4851,False,0.4851,MEDIUM,supply_delay_classifier,1.0.0,2026-10-09T14:55:25.167724+00:00
2026-04-15,SUP001,Alpha Components,P006,Sensors,EVT_2026-04-15_SUP001_P006,0.3435,False,0.3435,MEDIUM,supply_delay_classifier,1.0.0,2026-10-09T14:55:25.167724+00:00
2026-04-15,SUP008,Theta Components,P007,Power Modules,EVT_2026-04-15_SUP008_P007,0.2662,False,0.2662,LOW,supply_delay_classifier,1.0.0,2026-10-09T14:55:25.167724+00:00
2026-04-15,SUP002,Beta Electronics,P008,Circuit Boards,EVT_2026-04-15_SUP002_P008,0.0212,False,0.0212,LOW,supply_delay_classifier,1.0.0,2026-10-09T14:55:25.167724+00:00
2026-04-22,SUP004,Delta Manufacturing,P001,Microchips,EVT_2026-04-22_SUP004_P001,0.8976,True,0.8976,CRITICAL,supply_delay_classifier,1.0.0,2026-10-09T14:55:25.167724+00:00
2026-04-22,SUP007,Eta Systems,P002,Processors,EVT_2026-04-22_SUP007_P002,0.4975,False,0.4975,MEDIUM,supply_delay_classifier,1.0.0,2026-10-09T14:55:25.167724+00:00
2026-04-22,SUP001,Alpha Components,P003,Memory Modules,EVT_2026-04-22_SUP001_P003,0.3657,False,0.3657,MEDIUM,supply_delay_classifier,1.0.0,2026-10-09T14:55:25.167724+00:00
2026-04-22,SUP005,Epsilon Tech,P004,Display Panels,EVT_2026-04-22_SUP005_P004,0.5776,True,0.5776,MEDIUM,supply_delay_classifier,1.0.0,2026-10-09T14:55:25.167724+00:00
2026-04-22,SUP002,Beta Electronics,P005,Battery Cells,EVT_2026-04-22_SUP002_P005,0.515,True,0.515,MEDIUM,supply_delay_classifier,1.0.0,2026-10-09T14:55:25.167724+00:00
2026-04-22,SUP008,Theta Components,P006,Sensors,EVT_2026-04-22_SUP008_P006,0.2491,False,0.2491,LOW,supply_delay_classifier,1.0.0,2026-10-09T14:55:25.167724+00:00
2026-04-22,SUP006,Zeta Industrial,P007,Power Modules,EVT_2026-04-22_SUP006_P007,0.2712,False,0.2712,LOW,supply_delay_classifier,1.0.0,2026-10-09T14:55:25.167724+00:00
2026-04-22,SUP003,Gamma Semiconductors,P008,Circuit Boards,EVT_2026-04-22_SUP003_P008,0.8189,True,0.8189,CRITICAL,supply_delay_classifier,1.0.0,2026-10-09T14:55:25.167724+00:00
2026-04-29,SUP001,Alpha Components,P001,Microchips,EVT_2026-04-29_SUP001_P001,0.4902,False,0.4902,MEDIUM,supply_delay_classifier,1.0.0,2026-10-09T14:55:25.167724+00:00
2026-04-29,SUP004,Delta Manufacturing,P002,Processors,EVT_2026-04-29_SUP004_P002,0.4909,False,0.4909,MEDIUM,supply_delay_classifier,1.0.0,2026-10-09T14:55:25.167724+00:00
2026-04-29,SUP006,Zeta Industrial,P003,Memory Modules,EVT_2026-04-29_SUP006_P003,0.4256,False,0.4256,MEDIUM,supply_delay_classifier,1.0.0,2026-10-09T14:55:25.167724+00:00
2026-04-29,SUP008,Theta Components,P004,Display Panels,EVT_2026-04-29_SUP008_P004,0.2011,False,0.2011,LOW,supply_delay_classifier,1.0.0,2026-10-09T14:55:25.167724+00:00
2026-04-29,SUP005,Epsilon Tech,P005,Battery Cells,EVT_2026-04-29_SUP005_P005,0.5497,True,0.5497,MEDIUM,supply_delay_classifier,1.0.0,2026-10-09T14:55:25.167724+00:00
2026-04-29,SUP002,Beta Electronics,P006,Sensors,EVT_2026-04-29_SUP002_P006,0.6146,True,0.6146,HIGH,supply_delay_classifier,1.0.0,2026-10-09T14:55:25.167724+00:00
2026-04-29,SUP003,Gamma Semiconductors,P007,Power Modules,EVT_2026-04-29_SUP003_P007,0.3422,False,0.3422,MEDIUM,supply_delay_classifier,1.0.0,2026-10-09T14:55:25.167724+00:00
2026-04-29,SUP007,Eta Systems,P008,Circuit Boards,EVT_2026-04-29_SUP007_P008,0.2623,False,0.2623,LOW,supply_delay_classifier,1.0.0,2026-10-09T14:55:25.167724+00:00
2026-05-06,SUP003,Gamma Semiconductors,P001,Microchips,EVT_2026-05-06_SUP003_P001,0.6379,True,0.6379,HIGH,supply_delay_classifier,1.0.0,2026-10-09T14:55:25.167724+00:00
2026-05-06,SUP006,Zeta Industrial,P002,Processors,EVT_2026-05-06_SUP006_P002,0.4108,False,0.4108,MEDIUM,supply_delay_classifier,1.0.0,2026-10-09T14:55:25.167724+00:00
2026-05-06,SUP008,Theta Components,P003,Memory Modules,EVT_2026-05-06_SUP008_P003,0.24,False,0.24,LOW,supply_delay_classifier,1.0.0,2026-10-09T14:55:25.167724+00:00
2026-05-06,SUP002,Beta Electronics,P004,Display Panels,EVT_2026-05-06_SUP002_P004,0.3257,False,0.3257,MEDIUM,supply_delay_classifier,1.0.0,2026-10-09T14:55:25.167724+00:00
2026-05-06,SUP007,Eta Systems,P005,Battery Cells,EVT_2026-05-06_SUP007_P005,0.2724,False,0.2724,LOW,supply_delay_classifier,1.0.0,2026-10-09T14:55:25.167724+00:00
2026-05-06,SUP005,Epsilon Tech,P006,Sensors,EVT_2026-05-06_SUP005_P006,0.4105,False,0.4105,MEDIUM,supply_delay_classifier,1.0.0,2026-10-09T14:55:25.167724+00:00
2026-05-06,SUP001,Alpha Components,P007,Power Modules,EVT_2026-05-06_SUP001_P007,0.4191,False,0.4191,MEDIUM,supply_delay_classifier,1.0.0,2026-10-09T14:55:25.167724+00:00
2026-05-06,SUP004,Delta Manufacturing,P008,Circuit Boards,EVT_2026-05-06_SUP004_P008,0.4949,False,0.4949,MEDIUM,supply_delay_classifier,1.0.0,2026-10-09T14:55:25.167724+00:00
2026-05-13,SUP002,Beta Electronics,P001,Microchips,EVT_2026-05-13_SUP002_P001,0.6153,True,0.6153,HIGH,supply_delay_classifier,1.0.0,2026-10-09T14:55:25.167724+00:00
2026-05-13,SUP008,Theta Components,P002,Processors,EVT_2026-05-13_SUP008_P002,0.2256,False,0.2256,LOW,supply_delay_classifier,1.0.0,2026-10-09T14:55:25.167724+00:00
2026-05-13,SUP005,Epsilon Tech,P003,Memory Modules,EVT_2026-05-13_SUP005_P003,0.3,False,0.3,LOW,supply_delay_classifier,1.0.0,2026-10-09T14:55:25.167724+00:00
2026-05-13,SUP006,Zeta Industrial,P004,Display Panels,EVT_2026-05-13_SUP006_P004,0.112,False,0.112,LOW,supply_delay_classifier,1.0.0,2026-10-09T14:55:25.167724+00:00
2026-05-13,SUP003,Gamma Semiconductors,P005,Battery Cells,EVT_2026-05-13_SUP003_P005,0.4474,False,0.4474,MEDIUM,supply_delay_classifier,1.0.0,2026-10-09T14:55:25.167724+00:00
2026-05-13,SUP004,Delta Manufacturing,P006,Sensors,EVT_2026-05-13_SUP004_P006,0.6858,True,0.6858,HIGH,supply_delay_classifier,1.0.0,2026-10-09T14:55:25.167724+00:00
2026-05-13,SUP001,Alpha Components,P007,Power Modules,EVT_2026-05-13_SUP001_P007,0.1264,False,0.1264,LOW,supply_delay_classifier,1.0.0,2026-10-09T14:55:25.167724+00:00
2026-05-13,SUP007,Eta Systems,P008,Circuit Boards,EVT_2026-05-13_SUP007_P008,0.0283,False,0.0283,LOW,supply_delay_classifier,1.0.0,2026-10-09T14:55:25.167724+00:00
2026-05-20,SUP007,Eta Systems,P001,Microchips,EVT_2026-05-20_SUP007_P001,0.208,False,0.208,LOW,supply_delay_classifier,1.0.0,2026-10-09T14:55:25.167724+00:00
2026-05-20,SUP008,Theta Components,P002,Processors,EVT_2026-05-20_SUP008_P002,0.2552,False,0.2552,LOW,supply_delay_classifier,1.0.0,2026-10-09T14:55:25.167724+00:00
2026-05-20,SUP002,Beta Electronics,P003,Memory Modules,EVT_2026-05-20_SUP002_P003,0.4552,False,0.4552,MEDIUM,supply_delay_classifier,1.0.0,2026-10-09T14:55:25.167724+00:00
2026-05-20,SUP006,Zeta Industrial,P004,Display Panels,EVT_2026-05-20_SUP006_P004,0.1335,False,0.1335,LOW,supply_delay_classifier,1.0.0,2026-10-09T14:55:25.167724+00:00
2026-05-20,SUP001,Alpha Components,P005,Battery Cells,EVT_2026-05-20_SUP001_P005,0.164,False,0.164,LOW,supply_delay_classifier,1.0.0,2026-10-09T14:55:25.167724+00:00
2026-05-20,SUP005,Epsilon Tech,P006,Sensors,EVT_2026-05-20_SUP005_P006,0.525,True,0.525,MEDIUM,supply_delay_classifier,1.0.0,2026-10-09T14:55:25.167724+00:00
2026-05-20,SUP004,Delta Manufacturing,P007,Power Modules,EVT_2026-05-20_SUP004_P007,0.4521,False,0.4521,MEDIUM,supply_delay_classifier,1.0.0,2026-10-09T14:55:25.167724+00:00
2026-05-20,SUP003,Gamma Semiconductors,P008,Circuit Boards,EVT_2026-05-20_SUP003_P008,0.7173,True,0.7173,HIGH,supply_delay_classifier,1.0.0,2026-10-09T14:55:25.167724+00:00
2026-05-27,SUP004,Delta Manufacturing,P001,Microchips,EVT_2026-05-27_SUP004_P001,0.5656,True,0.5656,MEDIUM,supply_delay_classifier,1.0.0,2026-10-09T14:55:25.167724+00:00
2026-05-27,SUP002,Beta Electronics,P002,Processors,EVT_2026-05-27_SUP002_P002,0.3841,False,0.3841,MEDIUM,supply_delay_classifier,1.0.0,2026-10-09T14:55:25.167724+00:00
2026-05-27,SUP001,Alpha Components,P003,Memory Modules,EVT_2026-05-27_SUP001_P003,0.4469,False,0.4469,MEDIUM,supply_delay_classifier,1.0.0,2026-10-09T14:55:25.167724+00:00
2026-05-27,SUP005,Epsilon Tech,P004,Display Panels,EVT_2026-05-27_SUP005_P004,0.7446,True,0.7446,HIGH,supply_delay_classifier,1.0.0,2026-10-09T14:55:25.167724+00:00
2026-05-27,SUP007,Eta Systems,P005,Battery Cells,EVT_2026-05-27_SUP007_P005,0.2583,False,0.2583,LOW,supply_delay_classifier,1.0.0,2026-10-09T14:55:25.167724+00:00
2026-05-27,SUP003,Gamma Semiconductors,P006,Sensors,EVT_2026-05-27_SUP003_P006,0.3283,False,0.3283,MEDIUM,supply_delay_classifier,1.0.0,2026-10-09T14:55:25.167724+00:00
2026-05-27,SUP008,Theta Components,P007,Power Modules,EVT_2026-05-27_SUP008_P007,0.1077,False,0.1077,LOW,supply_delay_classifier,1.0.0,2026-10-09T14:55:25.167724+00:00
2026-05-27,SUP006,Zeta Industrial,P008,Circuit Boards,EVT_2026-05-27_SUP006_P008,0.3182,False,0.3182,MEDIUM,supply_delay_classifier,1.0.0,2026-10-09T14:55:25.167724+00:00
2026-06-03,SUP008,Theta Components,P001,Microchips,EVT_2026-06-03_SUP008_P001,0.4137,False,0.4137,MEDIUM,supply_delay_classifier,1.0.0,2026-10-09T14:55:25.167724+00:00
2026-06-03,SUP005,Epsilon Tech,P002,Processors,EVT_2026-06-03_SUP005_P002,0.6921,True,0.6921,HIGH,supply_delay_classifier,1.0.0,2026-10-09T14:55:25.167724+00:00
2026-06-03,SUP003,Gamma Semiconductors,P003,Memory Modules,EVT_2026-06-03_SUP003_P003,0.475,False,0.475,MEDIUM,supply_delay_classifier,1.0.0,2026-10-09T14:55:25.167724+00:00
2026-06-03,SUP004,Delta Manufacturing,P004,Display Panels,EVT_2026-06-03_SUP004_P004,0.594,True,0.594,MEDIUM,supply_delay_classifier,1.0.0,2026-10-09T14:55:25.167724+00:00
2026-06-03,SUP001,Alpha Components,P005,Battery Cells,EVT_2026-06-03_SUP001_P005,0.0053,False,0.0053,LOW,supply_delay_classifier,1.0.0,2026-10-09T14:55:25.167724+00:00
2026-06-03,SUP006,Zeta Industrial,P006,Sensors,EVT_2026-06-03_SUP006_P006,0.0758,False,0.0758,LOW,supply_delay_classifier,1.0.0,2026-10-09T14:55:25.167724+00:00
2026-06-03,SUP002,Beta Electronics,P007,Power Modules,EVT_2026-06-03_SUP002_P007,0.3987,False,0.3987,MEDIUM,supply_delay_classifier,1.0.0,2026-10-09T14:55:25.167724+00:00
2026-06-03,SUP007,Eta Systems,P008,Circuit Boards,EVT_2026-06-03_SUP007_P008,0.4378,False,0.4378,MEDIUM,supply_delay_classifier,1.0.0,2026-10-09T14:55:25.167724+00:00
2026-06-10,SUP006,Zeta Industrial,P001,Microchips,EVT_2026-06-10_SUP006_P001,0.2926,False,0.2926,LOW,supply_delay_classifier,1.0.0,2026-10-09T14:55:25.167724+00:00
2026-06-10,SUP003,Gamma Semiconductors,P002,Processors,EVT_2026-06-10_SUP003_P002,0.7235,True,0.7235,HIGH,supply_delay_classifier,1.0.0,2026-10-09T14:55:25.167724+00:00
2026-06-10,SUP008,Theta Components,P003,Memory Modules,EVT_2026-06-10_SUP008_P003,0.1787,False,0.1787,LOW,supply_delay_classifier,1.0.0,2026-10-09T14:55:25.167724+00:00
2026-06-10,SUP007,Eta Systems,P004,Display Panels,EVT_2026-06-10_SUP007_P004,0.2493,False,0.2493,LOW,supply_delay_classifier,1.0.0,2026-10-09T14:55:25.167724+00:00
2026-06-10,SUP001,Alpha Components,P005,Battery Cells,EVT_2026-06-10_SUP001_P005,0.226,False,0.226,LOW,supply_delay_classifier,1.0.0,2026-10-09T14:55:25.167724+00:00
2026-06-10,SUP005,Epsilon Tech,P006,Sensors,EVT_2026-06-10_SUP005_P006,0.7974,True,0.7974,HIGH,supply_delay_classifier,1.0.0,2026-10-09T14:55:25.167724+00:00
2026-06-10,SUP004,Delta Manufacturing,P007,Power Modules,EVT_2026-06-10_SUP004_P007,0.6062,True,0.6062,HIGH,supply_delay_classifier,1.0.0,2026-10-09T14:55:25.167724+00:00
2026-06-10,SUP002,Beta Electronics,P008,Circuit Boards,EVT_2026-06-10_SUP002_P008,0.8826,True,0.8826,CRITICAL,supply_delay_classifier,1.0.0,2026-10-09T14:55:25.167724+00:00
2026-06-17,SUP003,Gamma Semiconductors,P001,Microchips,EVT_2026-06-17_SUP003_P001,0.4046,False,0.4046,MEDIUM,supply_delay_classifier,1.0.0,2026-10-09T14:55:25.167724+00:00
2026-06-17,SUP006,Zeta Industrial,P002,Processors,EVT_2026-06-17_SUP006_P002,0.3672,False,0.3672,MEDIUM,supply_delay_classifier,1.0.0,2026-10-09T14:55:25.167724+00:00
2026-06-17,SUP007,Eta Systems,P003,Memory Modules,EVT_2026-06-17_SUP007_P003,0.6483,True,0.6483,HIGH,supply_delay_classifier,1.0.0,2026-10-09T14:55:25.167724+00:00
2026-06-17,SUP001,Alpha Components,P004,Display Panels,EVT_2026-06-17_SUP001_P004,0.2468,False,0.2468,LOW,supply_delay_classifier,1.0.0,2026-10-09T14:55:25.167724+00:00
2026-06-17,SUP002,Beta Electronics,P005,Battery Cells,EVT_2026-06-17_SUP002_P005,0.278,False,0.278,LOW,supply_delay_classifier,1.0.0,2026-10-09T14:55:25.167724+00:00
2026-06-17,SUP008,Theta Components,P006,Sensors,EVT_2026-06-17_SUP008_P006,0.2578,False,0.2578,LOW,supply_delay_classifier,1.0.0,2026-10-09T14:55:25.167724+00:00
2026-06-17,SUP004,Delta Manufacturing,P007,Power Modules,EVT_2026-06-17_SUP004_P007,0.4576,False,0.4576,MEDIUM,supply_delay_classifier,1.0.0,2026-10-09T14:55:25.167724+00:00
2026-06-17,SUP005,Epsilon Tech,P008,Circuit Boards,EVT_2026-06-17_SUP005_P008,0.4561,False,0.4561,MEDIUM,supply_delay_classifier,1.0.0,2026-10-09T14:55:25.167724+00:00
2026-06-24,SUP002,Beta Electronics,P001,Microchips,EVT_2026-06-24_SUP002_P001,0.0781,False,0.0781,LOW,supply_delay_classifier,1.0.0,2026-10-09T14:55:25.167724+00:00
2026-06-24,SUP001,Alpha Components,P002,Processors,EVT_2026-06-24_SUP001_P002,0.2489,False,0.2489,LOW,supply_delay_classifier,1.0.0,2026-10-09T14:55:25.167724+00:00
2026-06-24,SUP005,Epsilon Tech,P003,Memory Modules,EVT_2026-06-24_SUP005_P003,0.7979,True,0.7979,HIGH,supply_delay_classifier,1.0.0,2026-10-09T14:55:25.167724+00:00
2026-06-24,SUP004,Delta Manufacturing,P004,Display Panels,EVT_2026-06-24_SUP004_P004,0.29,False,0.29,LOW,supply_delay_classifier,1.0.0,2026-10-09T14:55:25.167724+00:00
2026-06-24,SUP008,Theta Components,P005,Battery Cells,EVT_2026-06-24_SUP008_P005,0.2858,False,0.2858,LOW,supply_delay_classifier,1.0.0,2026-10-09T14:55:25.167724+00:00
2026-06-24,SUP006,Zeta Industrial,P006,Sensors,EVT_2026-06-24_SUP006_P006,0.2742,False,0.2742,LOW,supply_delay_classifier,1.0.0,2026-10-09T14:55:25.167724+00:00
2026-06-24,SUP007,Eta Systems,P007,Power Modules,EVT_2026-06-24_SUP007_P007,0.3048,False,0.3048,MEDIUM,supply_delay_classifier,1.0.0,2026-10-09T14:55:25.167724+00:00
2026-06-24,SUP003,Gamma Semiconductors,P008,Circuit Boards,EVT_2026-06-24_SUP003_P008,0.3344,False,0.3344,MEDIUM,supply_delay_classifier,1.0.0,2026-10-09T14:55:25.167724+00:00
